year,mt,dt,day,city_code,city_do_nm,city_gn_gu_nm,dscamt,dscamt_rate,dis_co,dis_co_rate
2020,1,1,4,W1T,대전광역시,동구,3044600,3.24,1598,3.15
2020,1,2,5,W1T,대전광역시,동구,2903800,3.09,1564,3.09
2020,1,3,6,W1T,대전광역시,동구,2590750,2.76,1461,2.88
2020,1,4,7,W1T,대전광역시,동구,2717650,2.9,1514,2.99
2020,1,5,1,W1T,대전광역시,동구,3595750,3.83,1825,3.6
2020,1,6,2,W1T,대전광역시,동구,2540899,2.71,1473,2.91
2020,1,7,3,W1T,대전광역시,동구,2214349,2.36,1273,2.51
2020,1,8,4,W1T,대전광역시,동구,3078550,3.28,1663,3.28
2020,1,9,5,W1T,대전광역시,동구,2643050,2.82,1512,2.98
2020,1,10,6,W1T,대전광역시,동구,2391900,2.55,1443,2.85
2020,1,11,7,W1T,대전광역시,동구,2763550,2.94,1484,2.93
2020,1,12,1,W1T,대전광역시,동구,3596300,3.83,1848,3.65
2020,1,13,2,W1T,대전광역시,동구,2858100,3.04,1607,3.17
2020,1,14,3,W1T,대전광역시,동구,2605150,2.78,1485,2.93
2020,1,15,4,W1T,대전광역시,동구,2438000,2.6,1457,2.88
2020,1,16,5,W1T,대전광역시,동구,2561700,2.73,1460,2.88
2020,1,17,6,W1T,대전광역시,동구,2455250,2.62,1442,2.85
2020,1,18,7,W1T,대전광역시,동구,2735300,2.91,1482,2.93
2020,1,19,1,W1T,대전광역시,동구,3538600,3.77,1817,3.59
2020,1,20,2,W1T,대전광역시,동구,3082850,3.28,1707,3.37
2020,1,21,3,W1T,대전광역시,동구,2679050,2.85,1522,3.0
2020,1,22,4,W1T,대전광역시,동구,3050800,3.25,1660,3.28
2020,1,23,5,W1T,대전광역시,동구,4019050,4.28,2152,4.25
2020,1,24,6,W1T,대전광역시,동구,5214049,5.55,2587,5.11
2020,1,25,7,W1T,대전광역시,동구,2959000,3.15,1427,2.82
2020,1,26,1,W1T,대전광역시,동구,3689600,3.93,1728,3.41
2020,1,27,2,W1T,대전광역시,동구,3385699,3.61,1684,3.32
2020,1,28,3,W1T,대전광역시,동구,3700400,3.94,1890,3.73
2020,1,29,4,W1T,대전광역시,동구,3180800,3.39,1684,3.32
2020,1,30,5,W1T,대전광역시,동구,3002000,3.2,1693,3.34
2020,1,31,6,W1T,대전광역시,동구,2629500,2.8,1522,3.0
2020,1,1,4,W1U,대전광역시,중구,3208200,3.44,1845,3.31
2020,1,2,5,W1U,대전광역시,중구,2818950,3.02,1727,3.1
2020,1,3,6,W1U,대전광역시,중구,2521350,2.7,1585,2.85
2020,1,4,7,W1U,대전광역시,중구,2697500,2.89,1644,2.95
2020,1,5,1,W1U,대전광역시,중구,3729050,4.0,2196,3.94
2020,1,6,2,W1U,대전광역시,중구,2229550,2.39,1402,2.52
2020,1,7,3,W1U,대전광역시,중구,2335300,2.5,1374,2.47
2020,1,8,4,W1U,대전광역시,중구,3079050,3.3,1837,3.3
2020,1,9,5,W1U,대전광역시,중구,2567950,2.75,1649,2.96
2020,1,10,6,W1U,대전광역시,중구,2450700,2.63,1589,2.85
2020,1,11,7,W1U,대전광역시,중구,2733850,2.93,1690,3.03
2020,1,12,1,W1U,대전광역시,중구,3614900,3.87,2090,3.75
2020,1,13,2,W1U,대전광역시,중구,2711400,2.91,1660,2.98
2020,1,14,3,W1U,대전광역시,중구,2426250,2.6,1579,2.84
2020,1,15,4,W1U,대전광역시,중구,2453300,2.63,1607,2.89
2020,1,16,5,W1U,대전광역시,중구,2628300,2.82,1662,2.98
2020,1,17,6,W1U,대전광역시,중구,2405500,2.58,1601,2.87
2020,1,18,7,W1U,대전광역시,중구,2807300,3.01,1649,2.96
2020,1,19,1,W1U,대전광역시,중구,3855299,4.13,2196,3.94
2020,1,20,2,W1U,대전광역시,중구,2932599,3.14,1740,3.12
2020,1,21,3,W1U,대전광역시,중구,2889850,3.1,1707,3.07
2020,1,22,4,W1U,대전광역시,중구,2893900,3.1,1789,3.21
2020,1,23,5,W1U,대전광역시,중구,4229450,4.53,2340,4.2
2020,1,24,6,W1U,대전광역시,중구,4894100,5.24,2721,4.89
2020,1,25,7,W1U,대전광역시,중구,3280200,3.52,1738,3.12
2020,1,26,1,W1U,대전광역시,중구,3501700,3.75,1905,3.42
2020,1,27,2,W1U,대전광역시,중구,3104700,3.33,1728,3.1
2020,1,28,3,W1U,대전광역시,중구,3660449,3.92,2066,3.71
2020,1,29,4,W1U,대전광역시,중구,2916249,3.13,1826,3.28
2020,1,30,5,W1U,대전광역시,중구,2984499,3.2,1800,3.23
2020,1,31,6,W1U,대전광역시,중구,2751750,2.95,1748,3.14
2020,1,1,4,W1V,대전광역시,서구,8712200,3.39,4972,3.41
2020,1,2,5,W1V,대전광역시,서구,7652100,2.98,4415,3.03
2020,1,3,6,W1V,대전광역시,서구,6720400,2.62,4088,2.8
2020,1,4,7,W1V,대전광역시,서구,7431350,2.89,4345,2.98
2020,1,5,1,W1V,대전광역시,서구,9610750,3.74,5252,3.6
2020,1,6,2,W1V,대전광역시,서구,6839950,2.66,3963,2.72
2020,1,7,3,W1V,대전광역시,서구,6099650,2.37,3503,2.4
2020,1,8,4,W1V,대전광역시,서구,9512100,3.7,5350,3.67
2020,1,9,5,W1V,대전광역시,서구,7352400,2.86,4360,2.99
2020,1,10,6,W1V,대전광역시,서구,6736700,2.62,4089,2.81
2020,1,11,7,W1V,대전광역시,서구,7102650,2.76,4125,2.83
2020,1,12,1,W1V,대전광역시,서구,9438400,3.67,5224,3.58
2020,1,13,2,W1V,대전광역시,서구,7969950,3.1,4645,3.19
2020,1,14,3,W1V,대전광역시,서구,7193950,2.8,4197,2.88
2020,1,15,4,W1V,대전광역시,서구,7467550,2.91,4521,3.1
2020,1,16,5,W1V,대전광역시,서구,6624400,2.58,4065,2.79
2020,1,17,6,W1V,대전광역시,서구,6810150,2.65,4101,2.81
2020,1,18,7,W1V,대전광역시,서구,7521250,2.93,4288,2.94
2020,1,19,1,W1V,대전광역시,서구,9840099,3.83,5420,3.72
2020,1,20,2,W1V,대전광역시,서구,8470250,3.3,4747,3.26
2020,1,21,3,W1V,대전광역시,서구,7864450,3.06,4493,3.08
2020,1,22,4,W1V,대전광역시,서구,9052150,3.52,5043,3.46
2020,1,23,5,W1V,대전광역시,서구,10767000,4.19,5931,4.07
2020,1,24,6,W1V,대전광역시,서구,13441450,5.23,7318,5.02
2020,1,25,7,W1V,대전광역시,서구,8292100,3.23,4354,2.99
2020,1,26,1,W1V,대전광역시,서구,8996799,3.5,4637,3.18
2020,1,27,2,W1V,대전광역시,서구,9130000,3.55,4728,3.24
2020,1,28,3,W1V,대전광역시,서구,10104200,3.93,5454,3.74
2020,1,29,4,W1V,대전광역시,서구,9041499,3.52,5158,3.54
2020,1,30,5,W1V,대전광역시,서구,7848850,3.06,4626,3.17
2020,1,31,6,W1V,대전광역시,서구,7268449,2.83,4359,2.99
2020,1,1,4,W1W,대전광역시,유성구,3412250,3.7,1769,3.51
2020,1,2,5,W1W,대전광역시,유성구,2738650,2.97,1549,3.07
2020,1,3,6,W1W,대전광역시,유성구,2623800,2.84,1435,2.85
2020,1,4,7,W1W,대전광역시,유성구,2754800,2.99,1545,3.06
2020,1,5,1,W1W,대전광역시,유성구,3552550,3.85,1844,3.66
2020,1,6,2,W1W,대전광역시,유성구,2800550,3.04,1528,3.03
2020,1,7,3,W1W,대전광역시,유성구,2169250,2.35,1276,2.53
2020,1,8,4,W1W,대전광역시,유성구,3324450,3.6,1811,3.59
2020,1,9,5,W1W,대전광역시,유성구,2711400,2.94,1508,2.99
2020,1,10,6,W1W,대전광역시,유성구,2548150,2.76,1495,2.96
2020,1,11,7,W1W,대전광역시,유성구,2450600,2.66,1411,2.8
2020,1,12,1,W1W,대전광역시,유성구,3185150,3.45,1688,3.35
2020,1,13,2,W1W,대전광역시,유성구,3359000,3.64,1831,3.63
2020,1,14,3,W1W,대전광역시,유성구,2535650,2.75,1475,2.92
2020,1,15,4,W1W,대전광역시,유성구,2650650,2.87,1536,3.05
2020,1,16,5,W1W,대전광역시,유성구,2518750,2.73,1492,2.96
2020,1,17,6,W1W,대전광역시,유성구,2408750,2.61,1385,2.75
2020,1,18,7,W1W,대전광역시,유성구,2788000,3.02,1520,3.01
2020,1,19,1,W1W,대전광역시,유성구,3289650,3.57,1745,3.46
2020,1,20,2,W1W,대전광역시,유성구,3410050,3.7,1845,3.66
2020,1,21,3,W1W,대전광역시,유성구,2912250,3.16,1609,3.19
2020,1,22,4,W1W,대전광역시,유성구,2863750,3.1,1573,3.12
2020,1,23,5,W1W,대전광역시,유성구,3888450,4.22,2103,4.17
2020,1,24,6,W1W,대전광역시,유성구,4679400,5.07,2485,4.93
2020,1,25,7,W1W,대전광역시,유성구,2396200,2.6,1168,2.32
2020,1,26,1,W1W,대전광역시,유성구,2680400,2.91,1357,2.69
2020,1,27,2,W1W,대전광역시,유성구,3276800,3.55,1671,3.31
2020,1,28,3,W1W,대전광역시,유성구,3550200,3.85,1920,3.81
2020,1,29,4,W1W,대전광역시,유성구,3280250,3.56,1765,3.5
2020,1,30,5,W1W,대전광역시,유성구,2807200,3.04,1542,3.06
2020,1,31,6,W1W,대전광역시,유성구,2667600,2.89,1552,3.08
2020,1,1,4,W1X,대전광역시,대덕구,3592000,3.28,1950,3.09
2020,1,2,5,W1X,대전광역시,대덕구,3341150,3.05,1979,3.14
2020,1,3,6,W1X,대전광역시,대덕구,3005950,2.74,1841,2.92
2020,1,4,7,W1X,대전광역시,대덕구,3248750,2.97,1825,2.9
2020,1,5,1,W1X,대전광역시,대덕구,3851450,3.52,2151,3.41
2020,1,6,2,W1X,대전광역시,대덕구,3519350,3.21,2034,3.23
2020,1,7,3,W1X,대전광역시,대덕구,2925100,2.67,1708,2.71
2020,1,8,4,W1X,대전광역시,대덕구,3553900,3.24,2108,3.34
2020,1,9,5,W1X,대전광역시,대덕구,2997950,2.74,1873,2.97
2020,1,10,6,W1X,대전광역시,대덕구,2916250,2.66,1814,2.88
2020,1,11,7,W1X,대전광역시,대덕구,2887450,2.64,1732,2.75
2020,1,12,1,W1X,대전광역시,대덕구,3662350,3.34,2064,3.27
2020,1,13,2,W1X,대전광역시,대덕구,3928550,3.59,2259,3.58
2020,1,14,3,W1X,대전광역시,대덕구,3005400,2.74,1875,2.97
2020,1,15,4,W1X,대전광역시,대덕구,2854100,2.6,1818,2.88
2020,1,16,5,W1X,대전광역시,대덕구,2818950,2.57,1767,2.8
2020,1,17,6,W1X,대전광역시,대덕구,2942350,2.69,1812,2.87
2020,1,18,7,W1X,대전광역시,대덕구,3135900,2.86,1809,2.87
2020,1,19,1,W1X,대전광역시,대덕구,3757399,3.43,2111,3.35
2020,1,20,2,W1X,대전광역시,대덕구,4071699,3.72,2282,3.62
2020,1,21,3,W1X,대전광역시,대덕구,3384450,3.09,1958,3.11
2020,1,22,4,W1X,대전광역시,대덕구,3483300,3.18,2017,3.2
2020,1,23,5,W1X,대전광역시,대덕구,4678350,4.27,2570,4.08
2020,1,24,6,W1X,대전광역시,대덕구,5784100,5.28,3100,4.92
2020,1,25,7,W1X,대전광역시,대덕구,3833250,3.5,1995,3.17
2020,1,26,1,W1X,대전광역시,대덕구,3886750,3.55,1966,3.12
2020,1,27,2,W1X,대전광역시,대덕구,4260500,3.89,2235,3.55
2020,1,28,3,W1X,대전광역시,대덕구,4393300,4.01,2455,3.9
2020,1,29,4,W1X,대전광역시,대덕구,3442750,3.14,2037,3.23
2020,1,30,5,W1X,대전광역시,대덕구,3141949,2.87,1895,3.01
2020,1,31,6,W1X,대전광역시,대덕구,3263700,2.98,1988,3.15
2020,2,1,7,W1T,대전광역시,동구,2866900,3.37,1585,3.35
2020,2,2,1,W1T,대전광역시,동구,4144950,4.87,2032,4.29
2020,2,3,2,W1T,대전광역시,동구,3206950,3.77,1756,3.71
2020,2,4,3,W1T,대전광역시,동구,2698600,3.17,1573,3.32
2020,2,5,4,W1T,대전광역시,동구,2438450,2.87,1484,3.14
2020,2,6,5,W1T,대전광역시,동구,2605550,3.06,1506,3.18
2020,2,7,6,W1T,대전광역시,동구,2623050,3.08,1531,3.24
2020,2,8,7,W1T,대전광역시,동구,2857900,3.36,1535,3.24
2020,2,9,1,W1T,대전광역시,동구,3570500,4.2,1825,3.86
2020,2,10,2,W1T,대전광역시,동구,3522300,4.14,1845,3.9
2020,2,11,3,W1T,대전광역시,동구,2834300,3.33,1598,3.38
2020,2,12,4,W1T,대전광역시,동구,2197750,2.58,1295,2.74
2020,2,13,5,W1T,대전광역시,동구,2861200,3.36,1659,3.51
2020,2,14,6,W1T,대전광역시,동구,2470050,2.9,1482,3.13
2020,2,15,7,W1T,대전광역시,동구,2751200,3.23,1571,3.32
2020,2,16,1,W1T,대전광역시,동구,3130450,3.68,1647,3.48
2020,2,17,2,W1T,대전광역시,동구,2893650,3.4,1605,3.39
2020,2,18,3,W1T,대전광역시,동구,2797750,3.29,1582,3.34
2020,2,19,4,W1T,대전광역시,동구,2680350,3.15,1552,3.28
2020,2,20,5,W1T,대전광역시,동구,2598300,3.05,1516,3.2
2020,2,21,6,W1T,대전광역시,동구,2757850,3.24,1581,3.34
2020,2,22,7,W1T,대전광역시,동구,3036850,3.57,1634,3.45
2020,2,23,1,W1T,대전광역시,동구,4026700,4.73,2076,4.39
2020,2,24,2,W1T,대전광역시,동구,2993100,3.52,1673,3.54
2020,2,25,3,W1T,대전광역시,동구,2372400,2.79,1301,2.75
2020,2,26,4,W1T,대전광역시,동구,3502950,4.12,1933,4.09
2020,2,27,5,W1T,대전광역시,동구,2838350,3.34,1650,3.49
2020,2,28,6,W1T,대전광역시,동구,2599950,3.06,1502,3.17
2020,2,29,7,W1T,대전광역시,동구,3190450,3.75,1785,3.77
2020,2,1,7,W1U,대전광역시,중구,3046800,3.58,1778,3.44
2020,2,2,1,W1U,대전광역시,중구,4272200,5.03,2369,4.58
2020,2,3,2,W1U,대전광역시,중구,2968150,3.49,1761,3.4
2020,2,4,3,W1U,대전광역시,중구,2673550,3.15,1694,3.27
2020,2,5,4,W1U,대전광역시,중구,2480600,2.92,1566,3.03
2020,2,6,5,W1U,대전광역시,중구,2692300,3.17,1687,3.26
2020,2,7,6,W1U,대전광역시,중구,2659500,3.13,1680,3.25
2020,2,8,7,W1U,대전광역시,중구,2824550,3.32,1700,3.28
2020,2,9,1,W1U,대전광역시,중구,4083899,4.8,2202,4.25
2020,2,10,2,W1U,대전광역시,중구,2901099,3.41,1816,3.51
2020,2,11,3,W1U,대전광역시,중구,2472300,2.91,1640,3.17
2020,2,12,4,W1U,대전광역시,중구,2316400,2.72,1447,2.8
2020,2,13,5,W1U,대전광역시,중구,2768250,3.26,1799,3.48
2020,2,14,6,W1U,대전광역시,중구,2644600,3.11,1629,3.15
2020,2,15,7,W1U,대전광역시,중구,2962950,3.49,1771,3.42
2020,2,16,1,W1U,대전광역시,중구,3641700,4.28,2091,4.04
2020,2,17,2,W1U,대전광역시,중구,2617500,3.08,1607,3.1
2020,2,18,3,W1U,대전광역시,중구,2631250,3.1,1638,3.16
2020,2,19,4,W1U,대전광역시,중구,2693750,3.17,1687,3.26
2020,2,20,5,W1U,대전광역시,중구,2641250,3.11,1664,3.22
2020,2,21,6,W1U,대전광역시,중구,2623150,3.09,1689,3.26
2020,2,22,7,W1U,대전광역시,중구,2950300,3.47,1782,3.44
2020,2,23,1,W1U,대전광역시,중구,4274300,5.03,2450,4.73
2020,2,24,2,W1U,대전광역시,중구,2684100,3.16,1641,3.17
2020,2,25,3,W1U,대전광역시,중구,2419450,2.85,1494,2.89
2020,2,26,4,W1U,대전광역시,중구,3172650,3.73,1962,3.79
2020,2,27,5,W1U,대전광역시,중구,2960400,3.48,1880,3.63
2020,2,28,6,W1U,대전광역시,중구,2565950,3.02,1621,3.13
2020,2,29,7,W1U,대전광역시,중구,3364550,3.96,2011,3.89
2020,2,1,7,W1V,대전광역시,서구,8325450,3.46,4680,3.4
2020,2,2,1,W1V,대전광역시,서구,11210300,4.66,5838,4.24
2020,2,3,2,W1V,대전광역시,서구,9242749,3.84,5038,3.66
2020,2,4,3,W1V,대전광역시,서구,7469300,3.1,4447,3.23
2020,2,5,4,W1V,대전광역시,서구,7657550,3.18,4505,3.27
2020,2,6,5,W1V,대전광역시,서구,7067200,2.94,4242,3.08
2020,2,7,6,W1V,대전광역시,서구,7194250,2.99,4392,3.19
2020,2,8,7,W1V,대전광역시,서구,8040550,3.34,4460,3.24
2020,2,9,1,W1V,대전광역시,서구,9655249,4.01,5195,3.77
2020,2,10,2,W1V,대전광역시,서구,8930150,3.71,4906,3.56
2020,2,11,3,W1V,대전광역시,서구,7544150,3.14,4596,3.34
2020,2,12,4,W1V,대전광역시,서구,7064850,2.94,4205,3.05
2020,2,13,5,W1V,대전광역시,서구,7836799,3.26,4655,3.38
2020,2,14,6,W1V,대전광역시,서구,7289900,3.03,4354,3.16
2020,2,15,7,W1V,대전광역시,서구,7992850,3.32,4617,3.35
2020,2,16,1,W1V,대전광역시,서구,9123100,3.79,4958,3.6
2020,2,17,2,W1V,대전광역시,서구,7879500,3.27,4468,3.24
2020,2,18,3,W1V,대전광역시,서구,7761350,3.23,4566,3.32
2020,2,19,4,W1V,대전광역시,서구,8275900,3.44,4858,3.53
2020,2,20,5,W1V,대전광역시,서구,7220850,3.0,4347,3.16
2020,2,21,6,W1V,대전광역시,서구,6841450,2.84,4223,3.07
2020,2,22,7,W1V,대전광역시,서구,8841750,3.67,4906,3.56
2020,2,23,1,W1V,대전광역시,서구,11658900,4.84,6167,4.48
2020,2,24,2,W1V,대전광역시,서구,8363800,3.48,4774,3.47
2020,2,25,3,W1V,대전광역시,서구,6819250,2.83,3935,2.86
2020,2,26,4,W1V,대전광역시,서구,10406750,4.32,5938,4.31
2020,2,27,5,W1V,대전광역시,서구,8001800,3.33,4711,3.42
2020,2,28,6,W1V,대전광역시,서구,7310950,3.04,4306,3.13
2020,2,29,7,W1V,대전광역시,서구,9611200,3.99,5414,3.93
2020,2,1,7,W1W,대전광역시,유성구,2946750,3.41,1605,3.35
2020,2,2,1,W1W,대전광역시,유성구,3663200,4.24,1931,4.03
2020,2,3,2,W1W,대전광역시,유성구,3627800,4.2,1927,4.02
2020,2,4,3,W1W,대전광역시,유성구,2950350,3.41,1636,3.41
2020,2,5,4,W1W,대전광역시,유성구,2601000,3.01,1564,3.26
2020,2,6,5,W1W,대전광역시,유성구,2590300,3.0,1450,3.02
2020,2,7,6,W1W,대전광역시,유성구,2671300,3.09,1557,3.25
2020,2,8,7,W1W,대전광역시,유성구,2759000,3.19,1552,3.24
2020,2,9,1,W1W,대전광역시,유성구,2439900,2.82,1226,2.56
2020,2,10,2,W1W,대전광역시,유성구,3599000,4.17,1923,4.01
2020,2,11,3,W1W,대전광역시,유성구,2758900,3.19,1608,3.35
2020,2,12,4,W1W,대전광역시,유성구,2469600,2.86,1415,2.95
2020,2,13,5,W1W,대전광역시,유성구,2797200,3.24,1634,3.41
2020,2,14,6,W1W,대전광역시,유성구,2579100,2.99,1535,3.2
2020,2,15,7,W1W,대전광역시,유성구,2973950,3.44,1619,3.38
2020,2,16,1,W1W,대전광역시,유성구,2975300,3.44,1584,3.3
2020,2,17,2,W1W,대전광역시,유성구,3249550,3.76,1800,3.75
2020,2,18,3,W1W,대전광역시,유성구,2828050,3.27,1614,3.37
2020,2,19,4,W1W,대전광역시,유성구,2883200,3.34,1661,3.46
2020,2,20,5,W1W,대전광역시,유성구,2637700,3.05,1519,3.17
2020,2,21,6,W1W,대전광역시,유성구,2707100,3.13,1563,3.26
2020,2,22,7,W1W,대전광역시,유성구,3078600,3.56,1650,3.44
2020,2,23,1,W1W,대전광역시,유성구,3804950,4.4,1979,4.13
2020,2,24,2,W1W,대전광역시,유성구,3371500,3.9,1812,3.78
2020,2,25,3,W1W,대전광역시,유성구,2407100,2.79,1396,2.91
2020,2,26,4,W1W,대전광역시,유성구,3768350,4.36,2083,4.34
2020,2,27,5,W1W,대전광역시,유성구,2878950,3.33,1666,3.47
2020,2,28,6,W1W,대전광역시,유성구,2707150,3.13,1520,3.17
2020,2,29,7,W1W,대전광역시,유성구,3676900,4.26,1925,4.01
2020,2,1,7,W1X,대전광역시,대덕구,3374950,3.37,1868,3.2
2020,2,2,1,W1X,대전광역시,대덕구,4465400,4.46,2337,4.0
2020,2,3,2,W1X,대전광역시,대덕구,4233550,4.23,2398,4.1
2020,2,4,3,W1X,대전광역시,대덕구,3336300,3.33,1996,3.42
2020,2,5,4,W1X,대전광역시,대덕구,2871600,2.87,1795,3.07
2020,2,6,5,W1X,대전광역시,대덕구,2746300,2.74,1714,2.93
2020,2,7,6,W1X,대전광역시,대덕구,3296600,3.29,1932,3.31
2020,2,8,7,W1X,대전광역시,대덕구,3254950,3.25,1874,3.21
2020,2,9,1,W1X,대전광역시,대덕구,3528200,3.53,1886,3.23
2020,2,10,2,W1X,대전광역시,대덕구,4491649,4.49,2548,4.36
2020,2,11,3,W1X,대전광역시,대덕구,3248100,3.25,2029,3.47
2020,2,12,4,W1X,대전광역시,대덕구,2755650,2.75,1712,2.93
2020,2,13,5,W1X,대전광역시,대덕구,3497900,3.5,2050,3.51
2020,2,14,6,W1X,대전광역시,대덕구,2919300,2.92,1844,3.16
2020,2,15,7,W1X,대전광역시,대덕구,3292800,3.29,1902,3.25
2020,2,16,1,W1X,대전광역시,대덕구,3697100,3.7,1998,3.42
2020,2,17,2,W1X,대전광역시,대덕구,3707600,3.71,2172,3.72
2020,2,18,3,W1X,대전광역시,대덕구,3303500,3.3,1974,3.38
2020,2,19,4,W1X,대전광역시,대덕구,3143199,3.14,1917,3.28
2020,2,20,5,W1X,대전광역시,대덕구,3107200,3.11,1840,3.15
2020,2,21,6,W1X,대전광역시,대덕구,2988500,2.99,1837,3.14
2020,2,22,7,W1X,대전광역시,대덕구,3470700,3.47,1975,3.38
2020,2,23,1,W1X,대전광역시,대덕구,4545600,4.54,2448,4.19
2020,2,24,2,W1X,대전광역시,대덕구,4133500,4.13,2410,4.12
2020,2,25,3,W1X,대전광역시,대덕구,2651400,2.65,1619,2.77
2020,2,26,4,W1X,대전광역시,대덕구,3853300,3.85,2336,4.0
2020,2,27,5,W1X,대전광역시,대덕구,3356450,3.35,2015,3.45
2020,2,28,6,W1X,대전광역시,대덕구,3082150,3.08,1868,3.2
2020,2,29,7,W1X,대전광역시,대덕구,3696900,3.7,2149,3.68
2020,3,1,1,W1T,대전광역시,동구,3702400,4.08,1970,3.76
2020,3,2,2,W1T,대전광역시,동구,3217000,3.54,1816,3.47
2020,3,3,3,W1T,대전광역시,동구,2951400,3.25,1684,3.22
2020,3,4,4,W1T,대전광역시,동구,2532700,2.79,1516,2.89
2020,3,5,5,W1T,대전광역시,동구,2728050,3.0,1629,3.11
2020,3,6,6,W1T,대전광역시,동구,2631899,2.9,1596,3.05
2020,3,7,7,W1T,대전광역시,동구,2802850,3.09,1597,3.05
2020,3,8,1,W1T,대전광역시,동구,3865000,4.25,2055,3.92
2020,3,9,2,W1T,대전광역시,동구,3110000,3.42,1767,3.37
2020,3,10,3,W1T,대전광역시,동구,2444350,2.69,1445,2.76
2020,3,11,4,W1T,대전광역시,동구,2879400,3.17,1712,3.27
2020,3,12,5,W1T,대전광역시,동구,2790650,3.07,1623,3.1
2020,3,13,6,W1T,대전광역시,동구,2458650,2.71,1522,2.91
2020,3,14,7,W1T,대전광역시,동구,2762100,3.04,1580,3.02
2020,3,15,1,W1T,대전광역시,동구,3060150,3.37,1610,3.07
2020,3,16,2,W1T,대전광역시,동구,3291649,3.62,1832,3.5
2020,3,17,3,W1T,대전광역시,동구,2678750,2.95,1580,3.02
2020,3,18,4,W1T,대전광역시,동구,2957150,3.26,1720,3.28
2020,3,19,5,W1T,대전광역시,동구,2536800,2.79,1447,2.76
2020,3,20,6,W1T,대전광역시,동구,2557450,2.82,1572,3.0
2020,3,21,7,W1T,대전광역시,동구,3064600,3.37,1738,3.32
2020,3,22,1,W1T,대전광역시,동구,3711400,4.09,2004,3.83
2020,3,23,2,W1T,대전광역시,동구,3158750,3.48,1797,3.43
2020,3,24,3,W1T,대전광역시,동구,2734600,3.01,1673,3.19
2020,3,25,4,W1T,대전광역시,동구,2784900,3.07,1691,3.23
2020,3,26,5,W1T,대전광역시,동구,2438550,2.68,1531,2.92
2020,3,27,6,W1T,대전광역시,동구,2504450,2.76,1531,2.92
2020,3,28,7,W1T,대전광역시,동구,2882100,3.17,1674,3.2
2020,3,29,1,W1T,대전광역시,동구,3801050,4.18,2010,3.84
2020,3,30,2,W1T,대전광역시,동구,3181100,3.5,1820,3.47
2020,3,31,3,W1T,대전광역시,동구,2620549,2.88,1634,3.12
2020,3,1,1,W1U,대전광역시,중구,3973650,4.45,2344,4.1
2020,3,2,2,W1U,대전광역시,중구,2878350,3.22,1837,3.21
2020,3,3,3,W1U,대전광역시,중구,2812300,3.15,1819,3.18
2020,3,4,4,W1U,대전광역시,중구,2408450,2.7,1620,2.83
2020,3,5,5,W1U,대전광역시,중구,2689900,3.01,1749,3.06
2020,3,6,6,W1U,대전광역시,중구,2701750,3.03,1754,3.07
2020,3,7,7,W1U,대전광역시,중구,2787450,3.12,1761,3.08
2020,3,8,1,W1U,대전광역시,중구,4057950,4.55,2403,4.2
2020,3,9,2,W1U,대전광역시,중구,2697200,3.02,1721,3.01
2020,3,10,3,W1U,대전광역시,중구,2340200,2.62,1500,2.62
2020,3,11,4,W1U,대전광역시,중구,2808950,3.15,1850,3.23
2020,3,12,5,W1U,대전광역시,중구,2690899,3.01,1731,3.03
2020,3,13,6,W1U,대전광역시,중구,2584149,2.89,1701,2.97
2020,3,14,7,W1U,대전광역시,중구,2780000,3.11,1742,3.05
2020,3,15,1,W1U,대전광역시,중구,3275450,3.67,1973,3.45
2020,3,16,2,W1U,대전광역시,중구,2796200,3.13,1776,3.11
2020,3,17,3,W1U,대전광역시,중구,2508000,2.81,1634,2.86
2020,3,18,4,W1U,대전광역시,중구,2788300,3.12,1779,3.11
2020,3,19,5,W1U,대전광역시,중구,2472200,2.77,1639,2.87
2020,3,20,6,W1U,대전광역시,중구,2796199,3.13,1832,3.2
2020,3,21,7,W1U,대전광역시,중구,3061200,3.43,1894,3.31
2020,3,22,1,W1U,대전광역시,중구,3847050,4.31,2345,4.1
2020,3,23,2,W1U,대전광역시,중구,2761150,3.09,1844,3.22
2020,3,24,3,W1U,대전광역시,중구,2737350,3.07,1815,3.17
2020,3,25,4,W1U,대전광역시,중구,2747850,3.08,1848,3.23
2020,3,26,5,W1U,대전광역시,중구,2693550,3.02,1775,3.1
2020,3,27,6,W1U,대전광역시,중구,2582550,2.89,1732,3.03
2020,3,28,7,W1U,대전광역시,중구,3119850,3.49,1913,3.34
2020,3,29,1,W1U,대전광역시,중구,3704850,4.15,2327,4.07
2020,3,30,2,W1U,대전광역시,중구,2699250,3.02,1824,3.19
2020,3,31,3,W1U,대전광역시,중구,2477800,2.78,1708,2.99
2020,3,1,1,W1V,대전광역시,서구,10865000,4.29,6039,3.97
2020,3,2,2,W1V,대전광역시,서구,8410900,3.32,4978,3.27
2020,3,3,3,W1V,대전광역시,서구,8115050,3.21,4924,3.24
2020,3,4,4,W1V,대전광역시,서구,7823000,3.09,4783,3.14
2020,3,5,5,W1V,대전광역시,서구,7413200,2.93,4566,3.0
2020,3,6,6,W1V,대전광역시,서구,7301150,2.88,4545,2.99
2020,3,7,7,W1V,대전광역시,서구,8211499,3.24,4716,3.1
2020,3,8,1,W1V,대전광역시,서구,10720200,4.23,6000,3.94
2020,3,9,2,W1V,대전광역시,서구,7913000,3.13,4803,3.16
2020,3,10,3,W1V,대전광역시,서구,7137100,2.82,4280,2.81
2020,3,11,4,W1V,대전광역시,서구,8756600,3.46,5368,3.53
2020,3,12,5,W1V,대전광역시,서구,6919700,2.73,4300,2.83
2020,3,13,6,W1V,대전광역시,서구,6776400,2.68,4274,2.81
2020,3,14,7,W1V,대전광역시,서구,7834500,3.09,4584,3.01
2020,3,15,1,W1V,대전광역시,서구,8722000,3.45,4954,3.26
2020,3,16,2,W1V,대전광역시,서구,8283400,3.27,4811,3.16
2020,3,17,3,W1V,대전광역시,서구,7806450,3.08,4739,3.11
2020,3,18,4,W1V,대전광역시,서구,8523550,3.37,5244,3.45
2020,3,19,5,W1V,대전광역시,서구,6495800,2.57,4147,2.73
2020,3,20,6,W1V,대전광역시,서구,7472550,2.95,4594,3.02
2020,3,21,7,W1V,대전광역시,서구,8373349,3.31,4870,3.2
2020,3,22,1,W1V,대전광역시,서구,10263150,4.05,5965,3.92
2020,3,23,2,W1V,대전광역시,서구,8281200,3.27,4980,3.27
2020,3,24,3,W1V,대전광역시,서구,7747100,3.06,4853,3.19
2020,3,25,4,W1V,대전광역시,서구,8529450,3.37,5328,3.5
2020,3,26,5,W1V,대전광역시,서구,6912750,2.73,4338,2.85
2020,3,27,6,W1V,대전광역시,서구,7095199,2.8,4484,2.95
2020,3,28,7,W1V,대전광역시,서구,8420000,3.33,4829,3.17
2020,3,29,1,W1V,대전광역시,서구,9981200,3.94,5929,3.9
2020,3,30,2,W1V,대전광역시,서구,8206200,3.24,5042,3.31
2020,3,31,3,W1V,대전광역시,서구,7839000,3.1,4892,3.22
2020,3,1,1,W1W,대전광역시,유성구,3909650,4.13,2028,3.71
2020,3,2,2,W1W,대전광역시,유성구,3598650,3.8,1943,3.55
2020,3,3,3,W1W,대전광역시,유성구,2850000,3.01,1688,3.09
2020,3,4,4,W1W,대전광역시,유성구,2913700,3.08,1723,3.15
2020,3,5,5,W1W,대전광역시,유성구,2757090,2.91,1661,3.04
2020,3,6,6,W1W,대전광역시,유성구,2741700,2.9,1634,2.99
2020,3,7,7,W1W,대전광역시,유성구,3001600,3.17,1721,3.15
2020,3,8,1,W1W,대전광역시,유성구,3802050,4.01,2008,3.67
2020,3,9,2,W1W,대전광역시,유성구,3543400,3.74,1951,3.57
2020,3,10,3,W1W,대전광역시,유성구,2683250,2.83,1581,2.89
2020,3,11,4,W1W,대전광역시,유성구,2913200,3.08,1801,3.29
2020,3,12,5,W1W,대전광역시,유성구,2514950,2.66,1493,2.73
2020,3,13,6,W1W,대전광역시,유성구,2656100,2.8,1577,2.88
2020,3,14,7,W1W,대전광역시,유성구,2877950,3.04,1647,3.01
2020,3,15,1,W1W,대전광역시,유성구,3140750,3.32,1692,3.09
2020,3,16,2,W1W,대전광역시,유성구,3618150,3.82,2000,3.66
2020,3,17,3,W1W,대전광역시,유성구,2839350,3.0,1700,3.11
2020,3,18,4,W1W,대전광역시,유성구,2998800,3.17,1750,3.2
2020,3,19,5,W1W,대전광역시,유성구,2470850,2.61,1495,2.73
2020,3,20,6,W1W,대전광역시,유성구,2912750,3.08,1764,3.23
2020,3,21,7,W1W,대전광역시,유성구,3083850,3.26,1746,3.19
2020,3,22,1,W1W,대전광역시,유성구,3615750,3.82,1975,3.61
2020,3,23,2,W1W,대전광역시,유성구,3370900,3.56,1941,3.55
2020,3,24,3,W1W,대전광역시,유성구,2907700,3.07,1731,3.17
2020,3,25,4,W1W,대전광역시,유성구,2891600,3.05,1780,3.25
2020,3,26,5,W1W,대전광역시,유성구,2496150,2.64,1561,2.85
2020,3,27,6,W1W,대전광역시,유성구,2716300,2.87,1629,2.98
2020,3,28,7,W1W,대전광역시,유성구,2949750,3.11,1731,3.17
2020,3,29,1,W1W,대전광역시,유성구,3509950,3.71,1981,3.62
2020,3,30,2,W1W,대전광역시,유성구,3482700,3.68,1994,3.65
2020,3,31,3,W1W,대전광역시,유성구,2928450,3.09,1765,3.23
2020,3,1,1,W1X,대전광역시,대덕구,4643900,4.39,2549,3.97
2020,3,2,2,W1X,대전광역시,대덕구,3888900,3.68,2364,3.68
2020,3,3,3,W1X,대전광역시,대덕구,3385899,3.2,2100,3.27
2020,3,4,4,W1X,대전광역시,대덕구,2912200,2.75,1835,2.86
2020,3,5,5,W1X,대전광역시,대덕구,2919500,2.76,1911,2.98
2020,3,6,6,W1X,대전광역시,대덕구,3124700,2.96,1962,3.06
2020,3,7,7,W1X,대전광역시,대덕구,3150700,2.98,1883,2.93
2020,3,8,1,W1X,대전광역시,대덕구,4286850,4.05,2393,3.73
2020,3,9,2,W1X,대전광역시,대덕구,3897100,3.69,2343,3.65
2020,3,10,3,W1X,대전광역시,대덕구,2842150,2.69,1737,2.71
2020,3,11,4,W1X,대전광역시,대덕구,3336600,3.16,2093,3.26
2020,3,12,5,W1X,대전광역시,대덕구,2937200,2.78,1841,2.87
2020,3,13,6,W1X,대전광역시,대덕구,2959850,2.8,1884,2.93
2020,3,14,7,W1X,대전광역시,대덕구,3145350,2.97,1885,2.94
2020,3,15,1,W1X,대전광역시,대덕구,3466650,3.28,1958,3.05
2020,3,16,2,W1X,대전광역시,대덕구,4267100,4.04,2458,3.83
2020,3,17,3,W1X,대전광역시,대덕구,3104650,2.94,1925,3.0
2020,3,18,4,W1X,대전광역시,대덕구,3142100,2.97,1938,3.02
2020,3,19,5,W1X,대전광역시,대덕구,2694450,2.55,1730,2.69
2020,3,20,6,W1X,대전광역시,대덕구,3217748,3.04,2039,3.18
2020,3,21,7,W1X,대전광역시,대덕구,3362050,3.18,1995,3.11
2020,3,22,1,W1X,대전광역시,대덕구,4298950,4.07,2345,3.65
2020,3,23,2,W1X,대전광역시,대덕구,4107800,3.88,2468,3.84
2020,3,24,3,W1X,대전광역시,대덕구,3278400,3.1,2090,3.25
2020,3,25,4,W1X,대전광역시,대덕구,3043200,2.88,2006,3.12
2020,3,26,5,W1X,대전광역시,대덕구,2971049,2.81,1888,2.94
2020,3,27,6,W1X,대전광역시,대덕구,2973700,2.81,1877,2.92
2020,3,28,7,W1X,대전광역시,대덕구,3283350,3.11,1987,3.09
2020,3,29,1,W1X,대전광역시,대덕구,3905950,3.69,2269,3.53
2020,3,30,2,W1X,대전광역시,대덕구,4098000,3.88,2458,3.83
2020,3,31,3,W1X,대전광역시,대덕구,3090350,2.92,2002,3.12
2020,4,1,4,W1T,대전광역시,동구,2588700,3.09,1660,3.29
2020,4,2,5,W1T,대전광역시,동구,2665250,3.18,1638,3.25
2020,4,3,6,W1T,대전광역시,동구,2499650,2.98,1555,3.08
2020,4,4,7,W1T,대전광역시,동구,2580550,3.08,1522,3.02
2020,4,5,1,W1T,대전광역시,동구,3540449,4.23,1940,3.85
2020,4,6,2,W1T,대전광역시,동구,3006700,3.59,1805,3.58
2020,4,7,3,W1T,대전광역시,동구,2651350,3.16,1609,3.19
2020,4,8,4,W1T,대전광역시,동구,2475550,2.95,1624,3.22
2020,4,9,5,W1T,대전광역시,동구,2536700,3.03,1604,3.18
2020,4,10,6,W1T,대전광역시,동구,2658199,3.17,1590,3.15
2020,4,11,7,W1T,대전광역시,동구,2737600,3.27,1597,3.17
2020,4,12,1,W1T,대전광역시,동구,2837950,3.39,1610,3.19
2020,4,13,2,W1T,대전광역시,동구,3060350,3.65,1813,3.6
2020,4,14,3,W1T,대전광역시,동구,2665800,3.18,1637,3.25
2020,4,15,4,W1T,대전광역시,동구,2832100,3.38,1673,3.32
2020,4,16,5,W1T,대전광역시,동구,2803200,3.35,1736,3.44
2020,4,17,6,W1T,대전광역시,동구,2474200,2.95,1563,3.1
2020,4,18,7,W1T,대전광역시,동구,2932100,3.5,1703,3.38
2020,4,19,1,W1T,대전광역시,동구,2940400,3.51,1656,3.28
2020,4,20,2,W1T,대전광역시,동구,3305350,3.94,1921,3.81
2020,4,21,3,W1T,대전광역시,동구,2542550,3.03,1592,3.16
2020,4,22,4,W1T,대전광역시,동구,2600500,3.1,1564,3.1
2020,4,23,5,W1T,대전광역시,동구,2614600,3.12,1590,3.15
2020,4,24,6,W1T,대전광역시,동구,2442250,2.91,1597,3.17
2020,4,25,7,W1T,대전광역시,동구,2736250,3.27,1608,3.19
2020,4,26,1,W1T,대전광역시,동구,3532850,4.22,1990,3.95
2020,4,27,2,W1T,대전광역시,동구,3108450,3.71,1864,3.7
2020,4,28,3,W1T,대전광역시,동구,2842200,3.39,1711,3.39
2020,4,29,4,W1T,대전광역시,동구,2843100,3.39,1746,3.46
2020,4,30,5,W1T,대전광역시,동구,2737799,3.27,1694,3.36
2020,4,1,4,W1U,대전광역시,중구,2659549,3.27,1773,3.27
2020,4,2,5,W1U,대전광역시,중구,2632900,3.23,1837,3.39
2020,4,3,6,W1U,대전광역시,중구,2666750,3.28,1749,3.23
2020,4,4,7,W1U,대전광역시,중구,2786050,3.42,1838,3.39
2020,4,5,1,W1U,대전광역시,중구,3529950,4.34,2229,4.12
2020,4,6,2,W1U,대전광역시,중구,2673150,3.28,1793,3.31
2020,4,7,3,W1U,대전광역시,중구,2498650,3.07,1706,3.15
2020,4,8,4,W1U,대전광역시,중구,2375600,2.92,1719,3.18
2020,4,9,5,W1U,대전광역시,중구,2677400,3.29,1757,3.25
2020,4,10,6,W1U,대전광역시,중구,2494650,3.06,1711,3.16
2020,4,11,7,W1U,대전광역시,중구,2596200,3.19,1720,3.18
2020,4,12,1,W1U,대전광역시,중구,3248950,3.99,1944,3.59
2020,4,13,2,W1U,대전광역시,중구,2701300,3.32,1821,3.36
2020,4,14,3,W1U,대전광역시,중구,2220350,2.73,1587,2.93
2020,4,15,4,W1U,대전광역시,중구,2907700,3.57,1851,3.42
2020,4,16,5,W1U,대전광역시,중구,2662550,3.27,1838,3.39
2020,4,17,6,W1U,대전광역시,중구,2340100,2.87,1620,2.99
2020,4,18,7,W1U,대전광역시,중구,2842150,3.49,1853,3.42
2020,4,19,1,W1U,대전광역시,중구,2959450,3.63,1833,3.39
2020,4,20,2,W1U,대전광역시,중구,2974450,3.65,1907,3.52
2020,4,21,3,W1U,대전광역시,중구,2425700,2.98,1622,3.0
2020,4,22,4,W1U,대전광역시,중구,2572900,3.16,1742,3.22
2020,4,23,5,W1U,대전광역시,중구,2518650,3.09,1709,3.16
2020,4,24,6,W1U,대전광역시,중구,2342750,2.88,1676,3.1
2020,4,25,7,W1U,대전광역시,중구,2756600,3.39,1749,3.23
2020,4,26,1,W1U,대전광역시,중구,3688000,4.53,2332,4.31
2020,4,27,2,W1U,대전광역시,중구,2548700,3.13,1738,3.21
2020,4,28,3,W1U,대전광역시,중구,2565250,3.15,1750,3.23
2020,4,29,4,W1U,대전광역시,중구,2610400,3.21,1811,3.35
2020,4,30,5,W1U,대전광역시,중구,2941950,3.61,1925,3.56
2020,4,1,4,W1V,대전광역시,서구,8030950,3.42,5087,3.5
2020,4,2,5,W1V,대전광역시,서구,7156750,3.05,4646,3.2
2020,4,3,6,W1V,대전광역시,서구,7212200,3.07,4491,3.09
2020,4,4,7,W1V,대전광역시,서구,7625100,3.25,4578,3.15
2020,4,5,1,W1V,대전광역시,서구,9747200,4.15,5661,3.9
2020,4,6,2,W1V,대전광역시,서구,8257400,3.51,5023,3.46
2020,4,7,3,W1V,대전광역시,서구,7481750,3.18,4725,3.25
2020,4,8,4,W1V,대전광역시,서구,7937050,3.38,5026,3.46
2020,4,9,5,W1V,대전광역시,서구,6757300,2.88,4497,3.1
2020,4,10,6,W1V,대전광역시,서구,6938350,2.95,4411,3.04
2020,4,11,7,W1V,대전광역시,서구,7676550,3.27,4602,3.17
2020,4,12,1,W1V,대전광역시,서구,7915250,3.37,4585,3.16
2020,4,13,2,W1V,대전광역시,서구,8044000,3.42,4897,3.37
2020,4,14,3,W1V,대전광역시,서구,6928450,2.95,4585,3.16
2020,4,15,4,W1V,대전광역시,서구,8949750,3.81,5514,3.8
2020,4,16,5,W1V,대전광역시,서구,7282200,3.1,4675,3.22
2020,4,17,6,W1V,대전광역시,서구,7033850,2.99,4436,3.05
2020,4,18,7,W1V,대전광역시,서구,7950800,3.38,4860,3.35
2020,4,19,1,W1V,대전광역시,서구,8185049,3.48,4763,3.28
2020,4,20,2,W1V,대전광역시,서구,9235000,3.93,5477,3.77
2020,4,21,3,W1V,대전광역시,서구,7344100,3.13,4651,3.2
2020,4,22,4,W1V,대전광역시,서구,7685000,3.27,4868,3.35
2020,4,23,5,W1V,대전광역시,서구,7018400,2.99,4448,3.06
2020,4,24,6,W1V,대전광역시,서구,6953200,2.96,4368,3.01
2020,4,25,7,W1V,대전광역시,서구,8054200,3.43,4738,3.26
2020,4,26,1,W1V,대전광역시,서구,10121150,4.31,5790,3.99
2020,4,27,2,W1V,대전광역시,서구,8031000,3.42,4913,3.38
2020,4,28,3,W1V,대전광역시,서구,7439550,3.17,4790,3.3
2020,4,29,4,W1V,대전광역시,서구,7855600,3.34,5044,3.47
2020,4,30,5,W1V,대전광역시,서구,8112499,3.45,5073,3.49
2020,4,1,4,W1W,대전광역시,유성구,2644100,3.05,1723,3.31
2020,4,2,5,W1W,대전광역시,유성구,2713750,3.13,1679,3.22
2020,4,3,6,W1W,대전광역시,유성구,2743710,3.17,1692,3.25
2020,4,4,7,W1W,대전광역시,유성구,2847100,3.29,1652,3.17
2020,4,5,1,W1W,대전광역시,유성구,3360500,3.88,1941,3.73
2020,4,6,2,W1W,대전광역시,유성구,3388200,3.91,1917,3.68
2020,4,7,3,W1W,대전광역시,유성구,2699900,3.12,1698,3.26
2020,4,8,4,W1W,대전광역시,유성구,2878700,3.32,1744,3.35
2020,4,9,5,W1W,대전광역시,유성구,2368000,2.73,1583,3.04
2020,4,10,6,W1W,대전광역시,유성구,2783150,3.21,1694,3.25
2020,4,11,7,W1W,대전광역시,유성구,2868100,3.31,1639,3.15
2020,4,12,1,W1W,대전광역시,유성구,3011350,3.48,1644,3.16
2020,4,13,2,W1W,대전광역시,유성구,3019450,3.49,1769,3.4
2020,4,14,3,W1W,대전광역시,유성구,2815450,3.25,1735,3.33
2020,4,15,4,W1W,대전광역시,유성구,2791200,3.22,1770,3.4
2020,4,16,5,W1W,대전광역시,유성구,2769050,3.2,1781,3.42
2020,4,17,6,W1W,대전광역시,유성구,2641350,3.05,1614,3.1
2020,4,18,7,W1W,대전광역시,유성구,3002250,3.47,1769,3.4
2020,4,19,1,W1W,대전광역시,유성구,2829150,3.27,1614,3.1
2020,4,20,2,W1W,대전광역시,유성구,3628950,4.19,2116,4.06
2020,4,21,3,W1W,대전광역시,유성구,2680400,3.1,1685,3.23
2020,4,22,4,W1W,대전광역시,유성구,2925750,3.38,1680,3.22
2020,4,23,5,W1W,대전광역시,유성구,2417350,2.79,1531,2.94
2020,4,24,6,W1W,대전광역시,유성구,2683300,3.1,1629,3.13
2020,4,25,7,W1W,대전광역시,유성구,2683450,3.1,1579,3.03
2020,4,26,1,W1W,대전광역시,유성구,3530750,4.08,1969,3.78
2020,4,27,2,W1W,대전광역시,유성구,3135900,3.62,1923,3.69
2020,4,28,3,W1W,대전광역시,유성구,2738600,3.16,1697,3.26
2020,4,29,4,W1W,대전광역시,유성구,2857950,3.3,1760,3.38
2020,4,30,5,W1W,대전광역시,유성구,3127100,3.61,1871,3.59
2020,4,1,4,W1X,대전광역시,대덕구,3092350,3.17,1988,3.26
2020,4,2,5,W1X,대전광역시,대덕구,2901800,2.98,1882,3.08
2020,4,3,6,W1X,대전광역시,대덕구,2868600,2.94,1889,3.1
2020,4,4,7,W1X,대전광역시,대덕구,2980600,3.06,1870,3.06
2020,4,5,1,W1X,대전광역시,대덕구,3781800,3.88,2202,3.61
2020,4,6,2,W1X,대전광역시,대덕구,3999450,4.1,2430,3.98
2020,4,7,3,W1X,대전광역시,대덕구,3095400,3.18,2022,3.31
2020,4,8,4,W1X,대전광역시,대덕구,2922750,3.0,1922,3.15
2020,4,9,5,W1X,대전광역시,대덕구,2841250,2.92,1853,3.04
2020,4,10,6,W1X,대전광역시,대덕구,2818100,2.89,1886,3.09
2020,4,11,7,W1X,대전광역시,대덕구,3207800,3.29,1930,3.16
2020,4,12,1,W1X,대전광역시,대덕구,3559100,3.65,2015,3.3
2020,4,13,2,W1X,대전광역시,대덕구,3974099,4.08,2437,3.99
2020,4,14,3,W1X,대전광역시,대덕구,3022850,3.1,2010,3.29
2020,4,15,4,W1X,대전광역시,대덕구,3092850,3.17,2025,3.32
2020,4,16,5,W1X,대전광역시,대덕구,3176350,3.26,2049,3.36
2020,4,17,6,W1X,대전광역시,대덕구,3040149,3.12,1911,3.13
2020,4,18,7,W1X,대전광역시,대덕구,3243100,3.33,2006,3.29
2020,4,19,1,W1X,대전광역시,대덕구,3211100,3.3,1840,3.02
2020,4,20,2,W1X,대전광역시,대덕구,4373100,4.49,2651,4.34
2020,4,21,3,W1X,대전광역시,대덕구,3057350,3.14,1946,3.19
2020,4,22,4,W1X,대전광역시,대덕구,2799050,2.87,1858,3.04
2020,4,23,5,W1X,대전광역시,대덕구,2814400,2.89,1817,2.98
2020,4,24,6,W1X,대전광역시,대덕구,2833350,2.91,1873,3.07
2020,4,25,7,W1X,대전광역시,대덕구,3383250,3.47,1986,3.25
2020,4,26,1,W1X,대전광역시,대덕구,3876700,3.98,2265,3.71
2020,4,27,2,W1X,대전광역시,대덕구,3855250,3.96,2383,3.91
2020,4,28,3,W1X,대전광역시,대덕구,3221350,3.31,2061,3.38
2020,4,29,4,W1X,대전광역시,대덕구,3014050,3.09,1993,3.27
2020,4,30,5,W1X,대전광역시,대덕구,3392950,3.48,2024,3.32
2020,5,1,6,W1T,대전광역시,동구,3002650,3.09,1779,3.06
2020,5,2,7,W1T,대전광역시,동구,3249550,3.34,1886,3.24
2020,5,3,1,W1T,대전광역시,동구,3614650,3.72,1935,3.33
2020,5,4,2,W1T,대전광역시,동구,3368650,3.46,2005,3.45
2020,5,5,3,W1T,대전광역시,동구,2921400,3.0,1783,3.07
2020,5,6,4,W1T,대전광역시,동구,3216900,3.31,1926,3.31
2020,5,7,5,W1T,대전광역시,동구,2803300,2.88,1751,3.01
2020,5,8,6,W1T,대전광역시,동구,2676500,2.75,1697,2.92
2020,5,9,7,W1T,대전광역시,동구,2698150,2.78,1542,2.65
2020,5,10,1,W1T,대전광역시,동구,3852000,3.96,2125,3.65
2020,5,11,2,W1T,대전광역시,동구,3232400,3.32,1956,3.36
2020,5,12,3,W1T,대전광역시,동구,2857450,2.94,1754,3.02
2020,5,13,4,W1T,대전광역시,동구,3060650,3.15,1877,3.23
2020,5,14,5,W1T,대전광역시,동구,2832500,2.91,1776,3.05
2020,5,15,6,W1T,대전광역시,동구,2369050,2.44,1413,2.43
2020,5,16,7,W1T,대전광역시,동구,3109150,3.2,1886,3.24
2020,5,17,1,W1T,대전광역시,동구,4059900,4.18,2211,3.8
2020,5,18,2,W1T,대전광역시,동구,3246500,3.34,1896,3.26
2020,5,19,3,W1T,대전광역시,동구,3055500,3.14,1825,3.14
2020,5,20,4,W1T,대전광역시,동구,3062100,3.15,1851,3.18
2020,5,21,5,W1T,대전광역시,동구,2851250,2.93,1790,3.08
2020,5,22,6,W1T,대전광역시,동구,2705300,2.78,1701,2.93
2020,5,23,7,W1T,대전광역시,동구,3150200,3.24,1881,3.23
2020,5,24,1,W1T,대전광역시,동구,3870900,3.98,2144,3.69
2020,5,25,2,W1T,대전광역시,동구,3441100,3.54,2088,3.59
2020,5,26,3,W1T,대전광역시,동구,2945650,3.03,1853,3.19
2020,5,27,4,W1T,대전광역시,동구,3032500,3.12,1929,3.32
2020,5,28,5,W1T,대전광역시,동구,2800750,2.88,1814,3.12
2020,5,29,6,W1T,대전광역시,동구,2950700,3.04,1895,3.26
2020,5,30,7,W1T,대전광역시,동구,3067000,3.15,1850,3.18
2020,5,31,1,W1T,대전광역시,동구,4116900,4.23,2332,4.01
2020,5,1,6,W1U,대전광역시,중구,3074050,3.24,2011,3.23
2020,5,2,7,W1U,대전광역시,중구,3020500,3.18,1932,3.1
2020,5,3,1,W1U,대전광역시,중구,3492200,3.68,2157,3.46
2020,5,4,2,W1U,대전광역시,중구,2878500,3.03,1932,3.1
2020,5,5,3,W1U,대전광역시,중구,2924000,3.08,1844,2.96
2020,5,6,4,W1U,대전광역시,중구,3054100,3.22,1988,3.19
2020,5,7,5,W1U,대전광역시,중구,2838850,2.99,1946,3.12
2020,5,8,6,W1U,대전광역시,중구,2707750,2.85,1821,2.92
2020,5,9,7,W1U,대전광역시,중구,2648900,2.79,1682,2.7
2020,5,10,1,W1U,대전광역시,중구,4019100,4.24,2458,3.94
2020,5,11,2,W1U,대전광역시,중구,3049700,3.21,2056,3.3
2020,5,12,3,W1U,대전광역시,중구,2592249,2.73,1791,2.87
2020,5,13,4,W1U,대전광역시,중구,2829200,2.98,1910,3.06
2020,5,14,5,W1U,대전광역시,중구,2880600,3.04,1956,3.14
2020,5,15,6,W1U,대전광역시,중구,2196550,2.32,1507,2.42
2020,5,16,7,W1U,대전광역시,중구,3254550,3.43,2104,3.38
2020,5,17,1,W1U,대전광역시,중구,4223800,4.45,2584,4.15
2020,5,18,2,W1U,대전광역시,중구,2826000,2.98,1863,2.99
2020,5,19,3,W1U,대전광역시,중구,2800250,2.95,1843,2.96
2020,5,20,4,W1U,대전광역시,중구,2918900,3.08,2008,3.22
2020,5,21,5,W1U,대전광역시,중구,2856050,3.01,1960,3.14
2020,5,22,6,W1U,대전광역시,중구,2562150,2.7,1763,2.83
2020,5,23,7,W1U,대전광역시,중구,3229400,3.4,2060,3.3
2020,5,24,1,W1U,대전광역시,중구,4070400,4.29,2453,3.93
2020,5,25,2,W1U,대전광역시,중구,3171549,3.34,2078,3.33
2020,5,26,3,W1U,대전광역시,중구,2819050,2.97,1914,3.07
2020,5,27,4,W1U,대전광역시,중구,2780150,2.93,2025,3.25
2020,5,28,5,W1U,대전광역시,중구,2931450,3.09,2041,3.27
2020,5,29,6,W1U,대전광역시,중구,2892350,3.05,1994,3.2
2020,5,30,7,W1U,대전광역시,중구,3150150,3.32,2092,3.36
2020,5,31,1,W1U,대전광역시,중구,4186299,4.41,2567,4.12
2020,5,1,6,W1V,대전광역시,서구,8727350,3.19,5205,3.11
2020,5,2,7,W1V,대전광역시,서구,8813850,3.23,5235,3.13
2020,5,3,1,W1V,대전광역시,서구,9584150,3.51,5556,3.32
2020,5,4,2,W1V,대전광역시,서구,8789350,3.22,5436,3.25
2020,5,5,3,W1V,대전광역시,서구,8895950,3.26,5323,3.18
2020,5,6,4,W1V,대전광역시,서구,9445200,3.46,5895,3.52
2020,5,7,5,W1V,대전광역시,서구,7649150,2.8,4886,2.92
2020,5,8,6,W1V,대전광역시,서구,7389600,2.7,4786,2.86
2020,5,9,7,W1V,대전광역시,서구,7512050,2.75,4462,2.67
2020,5,10,1,W1V,대전광역시,서구,11018500,4.03,6307,3.77
2020,5,11,2,W1V,대전광역시,서구,9312700,3.41,5595,3.34
2020,5,12,3,W1V,대전광역시,서구,8078100,2.96,5057,3.02
2020,5,13,4,W1V,대전광역시,서구,8736100,3.2,5528,3.3
2020,5,14,5,W1V,대전광역시,서구,7653000,2.8,5062,3.02
2020,5,15,6,W1V,대전광역시,서구,6197600,2.27,3816,2.28
2020,5,16,7,W1V,대전광역시,서구,9617300,3.52,5670,3.39
2020,5,17,1,W1V,대전광역시,서구,11474799,4.2,6592,3.94
2020,5,18,2,W1V,대전광역시,서구,8602850,3.15,5191,3.1
2020,5,19,3,W1V,대전광역시,서구,8624600,3.16,5250,3.14
2020,5,20,4,W1V,대전광역시,서구,8558250,3.13,5596,3.34
2020,5,21,5,W1V,대전광역시,서구,7612000,2.79,4970,2.97
2020,5,22,6,W1V,대전광역시,서구,7341850,2.69,4727,2.82
2020,5,23,7,W1V,대전광역시,서구,9265800,3.39,5496,3.28
2020,5,24,1,W1V,대전광역시,서구,11399350,4.17,6437,3.85
2020,5,25,2,W1V,대전광역시,서구,9115350,3.34,5658,3.38
2020,5,26,3,W1V,대전광역시,서구,8456149,3.1,5389,3.22
2020,5,27,4,W1V,대전광역시,서구,8725550,3.19,5661,3.38
2020,5,28,5,W1V,대전광역시,서구,7872900,2.88,5129,3.06
2020,5,29,6,W1V,대전광역시,서구,8025300,2.94,5244,3.13
2020,5,30,7,W1V,대전광역시,서구,8951350,3.28,5404,3.23
2020,5,31,1,W1V,대전광역시,서구,11748700,4.3,6847,4.09
2020,5,1,6,W1W,대전광역시,유성구,3032300,3.01,1836,3.09
2020,5,2,7,W1W,대전광역시,유성구,3102600,3.08,1810,3.05
2020,5,3,1,W1W,대전광역시,유성구,3353000,3.33,1875,3.16
2020,5,4,2,W1W,대전광역시,유성구,3489600,3.47,2046,3.45
2020,5,5,3,W1W,대전광역시,유성구,3056300,3.04,1853,3.12
2020,5,6,4,W1W,대전광역시,유성구,3327650,3.31,2011,3.39
2020,5,7,5,W1W,대전광역시,유성구,2774950,2.76,1786,3.01
2020,5,8,6,W1W,대전광역시,유성구,2725100,2.71,1662,2.8
2020,5,9,7,W1W,대전광역시,유성구,2776550,2.76,1572,2.65
2020,5,10,1,W1W,대전광역시,유성구,4018610,3.99,2243,3.78
2020,5,11,2,W1W,대전광역시,유성구,3923500,3.9,2149,3.62
2020,5,12,3,W1W,대전광역시,유성구,2948000,2.93,1813,3.05
2020,5,13,4,W1W,대전광역시,유성구,2977500,2.96,1843,3.1
2020,5,14,5,W1W,대전광역시,유성구,2945700,2.93,1850,3.12
2020,5,15,6,W1W,대전광역시,유성구,2217750,2.2,1360,2.29
2020,5,16,7,W1W,대전광역시,유성구,3687150,3.66,2078,3.5
2020,5,17,1,W1W,대전광역시,유성구,4200100,4.17,2241,3.78
2020,5,18,2,W1W,대전광역시,유성구,3470150,3.45,1994,3.36
2020,5,19,3,W1W,대전광역시,유성구,3114700,3.1,1881,3.17
2020,5,20,4,W1W,대전광역시,유성구,3355300,3.34,2016,3.4
2020,5,21,5,W1W,대전광역시,유성구,2703250,2.69,1670,2.81
2020,5,22,6,W1W,대전광역시,유성구,2906250,2.89,1760,2.96
2020,5,23,7,W1W,대전광역시,유성구,3239900,3.22,1879,3.17
2020,5,24,1,W1W,대전광역시,유성구,4100300,4.08,2238,3.77
2020,5,25,2,W1W,대전광역시,유성구,3554750,3.53,2102,3.54
2020,5,26,3,W1W,대전광역시,유성구,2957600,2.94,1877,3.16
2020,5,27,4,W1W,대전광역시,유성구,3102450,3.08,1975,3.33
2020,5,28,5,W1W,대전광역시,유성구,2818500,2.8,1757,2.96
2020,5,29,6,W1W,대전광역시,유성구,2981450,2.96,1868,3.15
2020,5,30,7,W1W,대전광역시,유성구,3486250,3.47,1965,3.31
2020,5,31,1,W1W,대전광역시,유성구,4258150,4.23,2350,3.96
2020,5,1,6,W1X,대전광역시,대덕구,3698550,3.3,2244,3.16
2020,5,2,7,W1X,대전광역시,대덕구,3478250,3.1,2143,3.02
2020,5,3,1,W1X,대전광역시,대덕구,3921650,3.5,2315,3.26
2020,5,4,2,W1X,대전광역시,대덕구,4385000,3.91,2656,3.74
2020,5,5,3,W1X,대전광역시,대덕구,3406700,3.04,2154,3.04
2020,5,6,4,W1X,대전광역시,대덕구,3620550,3.23,2323,3.27
2020,5,7,5,W1X,대전광역시,대덕구,3257750,2.91,2113,2.98
2020,5,8,6,W1X,대전광역시,대덕구,3254000,2.9,2056,2.9
2020,5,9,7,W1X,대전광역시,대덕구,3108800,2.77,1871,2.64
2020,5,10,1,W1X,대전광역시,대덕구,4375900,3.9,2486,3.5
2020,5,11,2,W1X,대전광역시,대덕구,4377850,3.9,2727,3.84
2020,5,12,3,W1X,대전광역시,대덕구,3263950,2.91,2150,3.03
2020,5,13,4,W1X,대전광역시,대덕구,3189400,2.84,2131,3.0
2020,5,14,5,W1X,대전광역시,대덕구,3299450,2.94,2193,3.09
2020,5,15,6,W1X,대전광역시,대덕구,2480350,2.21,1601,2.26
2020,5,16,7,W1X,대전광역시,대덕구,3703900,3.3,2273,3.2
2020,5,17,1,W1X,대전광역시,대덕구,4547400,4.06,2674,3.77
2020,5,18,2,W1X,대전광역시,대덕구,3877999,3.46,2450,3.45
2020,5,19,3,W1X,대전광역시,대덕구,3454750,3.08,2296,3.24
2020,5,20,4,W1X,대전광역시,대덕구,3338600,2.98,2312,3.26
2020,5,21,5,W1X,대전광역시,대덕구,3325900,2.97,2162,3.05
2020,5,22,6,W1X,대전광역시,대덕구,3040150,2.71,2086,2.94
2020,5,23,7,W1X,대전광역시,대덕구,3669549,3.27,2278,3.21
2020,5,24,1,W1X,대전광역시,대덕구,4477750,3.99,2596,3.66
2020,5,25,2,W1X,대전광역시,대덕구,4073800,3.63,2635,3.71
2020,5,26,3,W1X,대전광역시,대덕구,3260900,2.91,2246,3.17
2020,5,27,4,W1X,대전광역시,대덕구,3469400,3.09,2360,3.33
2020,5,28,5,W1X,대전광역시,대덕구,3266650,2.91,2215,3.12
2020,5,29,6,W1X,대전광역시,대덕구,3359600,3.0,2213,3.12
2020,5,30,7,W1X,대전광역시,대덕구,3576099,3.19,2310,3.26
2020,5,31,1,W1X,대전광역시,대덕구,4551050,4.06,2665,3.76
2020,6,1,2,W1T,대전광역시,동구,3421000,3.37,2093,3.34
2020,6,2,3,W1T,대전광역시,동구,2998650,2.96,1938,3.09
2020,6,3,4,W1T,대전광역시,동구,3117750,3.08,1938,3.09
2020,6,4,5,W1T,대전광역시,동구,3050600,3.01,1956,3.12
2020,6,5,6,W1T,대전광역시,동구,3005600,2.96,1876,2.99
2020,6,6,7,W1T,대전광역시,동구,3159300,3.12,1902,3.03
2020,6,7,1,W1T,대전광역시,동구,4358850,4.3,2439,3.89
2020,6,8,2,W1T,대전광역시,동구,3480900,3.43,2164,3.45
2020,6,9,3,W1T,대전광역시,동구,3168350,3.13,2049,3.27
2020,6,10,4,W1T,대전광역시,동구,2680850,2.64,1706,2.72
2020,6,11,5,W1T,대전광역시,동구,3458650,3.41,2167,3.46
2020,6,12,6,W1T,대전광역시,동구,2944050,2.9,1931,3.08
2020,6,13,7,W1T,대전광역시,동구,3049250,3.01,1843,2.94
2020,6,14,1,W1T,대전광역시,동구,4518200,4.46,2414,3.85
2020,6,15,2,W1T,대전광역시,동구,3640250,3.59,2222,3.54
2020,6,16,3,W1T,대전광역시,동구,3304700,3.26,2082,3.32
2020,6,17,4,W1T,대전광역시,동구,3167800,3.12,2028,3.24
2020,6,18,5,W1T,대전광역시,동구,2790750,2.75,1862,2.97
2020,6,19,6,W1T,대전광역시,동구,3222900,3.18,2057,3.28
2020,6,20,7,W1T,대전광역시,동구,3623100,3.57,2115,3.37
2020,6,21,1,W1T,대전광역시,동구,4582850,4.52,2544,4.06
2020,6,22,2,W1T,대전광역시,동구,3869650,3.82,2392,3.82
2020,6,23,3,W1T,대전광역시,동구,3407800,3.36,2222,3.54
2020,6,24,4,W1T,대전광역시,동구,3196950,3.15,2022,3.23
2020,6,25,5,W1T,대전광역시,동구,3108600,3.07,2057,3.28
2020,6,26,6,W1T,대전광역시,동구,2960300,2.92,2058,3.28
2020,6,27,7,W1T,대전광역시,동구,3469849,3.42,2161,3.45
2020,6,28,1,W1T,대전광역시,동구,4560700,4.5,2627,4.19
2020,6,29,2,W1T,대전광역시,동구,2823350,2.79,1798,2.87
2020,6,30,3,W1T,대전광역시,동구,3235450,3.19,2025,3.23
2020,6,1,2,W1U,대전광역시,중구,3379999,2.87,2320,2.85
2020,6,2,3,W1U,대전광역시,중구,3363000,2.86,2392,2.94
2020,6,3,4,W1U,대전광역시,중구,3672500,3.12,2649,3.26
2020,6,4,5,W1U,대전광역시,중구,3536900,3.01,2512,3.09
2020,6,5,6,W1U,대전광역시,중구,3522600,2.99,2477,3.05
2020,6,6,7,W1U,대전광역시,중구,3768999,3.2,2466,3.03
2020,6,7,1,W1U,대전광역시,중구,5329350,4.53,3271,4.02
2020,6,8,2,W1U,대전광역시,중구,3972600,3.38,2754,3.39
2020,6,9,3,W1U,대전광역시,중구,3727450,3.17,2624,3.23
2020,6,10,4,W1U,대전광역시,중구,3166600,2.69,2306,2.84
2020,6,11,5,W1U,대전광역시,중구,4107450,3.49,2851,3.51
2020,6,12,6,W1U,대전광역시,중구,3409550,2.9,2455,3.02
2020,6,13,7,W1U,대전광역시,중구,3639549,3.09,2495,3.07
2020,6,14,1,W1U,대전광역시,중구,5343500,4.54,3318,4.08
2020,6,15,2,W1U,대전광역시,중구,3986950,3.39,2813,3.46
2020,6,16,3,W1U,대전광역시,중구,3530350,3.0,2525,3.1
2020,6,17,4,W1U,대전광역시,중구,3544000,3.01,2626,3.23
2020,6,18,5,W1U,대전광역시,중구,3462550,2.94,2587,3.18
2020,6,19,6,W1U,대전광역시,중구,3688900,3.13,2682,3.3
2020,6,20,7,W1U,대전광역시,중구,4277050,3.63,2840,3.49
2020,6,21,1,W1U,대전광역시,중구,5343500,4.54,3317,4.08
2020,6,22,2,W1U,대전광역시,중구,4277050,3.63,2952,3.63
2020,6,23,3,W1U,대전광역시,중구,3938000,3.35,2827,3.48
2020,6,24,4,W1U,대전광역시,중구,3561850,3.03,2585,3.18
2020,6,25,5,W1U,대전광역시,중구,3830200,3.25,2792,3.43
2020,6,26,6,W1U,대전광역시,중구,3700700,3.14,2734,3.36
2020,6,27,7,W1U,대전광역시,중구,4263300,3.62,2854,3.51
2020,6,28,1,W1U,대전광역시,중구,5332249,4.53,3424,4.21
2020,6,29,2,W1U,대전광역시,중구,3417950,2.9,2413,2.97
2020,6,30,3,W1U,대전광역시,중구,3604699,3.06,2473,3.04
2020,6,1,2,W1V,대전광역시,서구,9231800,3.12,5745,3.05
2020,6,2,3,W1V,대전광역시,서구,8118250,2.75,5489,2.91
2020,6,3,4,W1V,대전광역시,서구,9141850,3.09,5942,3.15
2020,6,4,5,W1V,대전광역시,서구,8409750,2.84,5546,2.94
2020,6,5,6,W1V,대전광역시,서구,8149050,2.76,5312,2.82
2020,6,6,7,W1V,대전광역시,서구,8707050,2.94,5228,2.77
2020,6,7,1,W1V,대전광역시,서구,12598799,4.26,7225,3.83
2020,6,8,2,W1V,대전광역시,서구,10124400,3.42,6358,3.37
2020,6,9,3,W1V,대전광역시,서구,8908700,3.01,5947,3.16
2020,6,10,4,W1V,대전광역시,서구,7759850,2.62,5232,2.78
2020,6,11,5,W1V,대전광역시,서구,9658499,3.27,6131,3.25
2020,6,12,6,W1V,대전광역시,서구,8232350,2.78,5441,2.89
2020,6,13,7,W1V,대전광역시,서구,9421849,3.19,5600,2.97
2020,6,14,1,W1V,대전광역시,서구,13457000,4.55,7637,4.05
2020,6,15,2,W1V,대전광역시,서구,10091450,3.41,6421,3.41
2020,6,16,3,W1V,대전광역시,서구,8817350,2.98,5991,3.18
2020,6,17,4,W1V,대전광역시,서구,9157450,3.1,6293,3.34
2020,6,18,5,W1V,대전광역시,서구,8253600,2.79,5666,3.01
2020,6,19,6,W1V,대전광역시,서구,8996700,3.04,5978,3.17
2020,6,20,7,W1V,대전광역시,서구,10601899,3.59,6575,3.49
2020,6,21,1,W1V,대전광역시,서구,13231050,4.47,7676,4.07
2020,6,22,2,W1V,대전광역시,서구,10980900,3.71,6945,3.69
2020,6,23,3,W1V,대전광역시,서구,10584200,3.58,7118,3.78
2020,6,24,4,W1V,대전광역시,서구,9648650,3.26,6416,3.4
2020,6,25,5,W1V,대전광역시,서구,9821300,3.32,6680,3.54
2020,6,26,6,W1V,대전광역시,서구,9640800,3.26,6506,3.45
2020,6,27,7,W1V,대전광역시,서구,11135900,3.77,6981,3.7
2020,6,28,1,W1V,대전광역시,서구,13874950,4.69,8294,4.4
2020,6,29,2,W1V,대전광역시,서구,8490000,2.87,5498,2.92
2020,6,30,3,W1V,대전광역시,서구,10483800,3.55,6585,3.49
2020,6,1,2,W1W,대전광역시,유성구,3825300,3.57,2192,3.38
2020,6,2,3,W1W,대전광역시,유성구,3134700,2.92,1927,2.97
2020,6,3,4,W1W,대전광역시,유성구,3167000,2.95,2030,3.13
2020,6,4,5,W1W,대전광역시,유성구,3093500,2.88,1965,3.03
2020,6,5,6,W1W,대전광역시,유성구,3012550,2.81,1885,2.9
2020,6,6,7,W1W,대전광역시,유성구,3229050,3.01,1830,2.82
2020,6,7,1,W1W,대전광역시,유성구,4538400,4.23,2419,3.73
2020,6,8,2,W1W,대전광역시,유성구,4061450,3.79,2349,3.62
2020,6,9,3,W1W,대전광역시,유성구,3297800,3.07,2040,3.14
2020,6,10,4,W1W,대전광역시,유성구,2850900,2.66,1821,2.81
2020,6,11,5,W1W,대전광역시,유성구,3490250,3.25,2108,3.25
2020,6,12,6,W1W,대전광역시,유성구,3083800,2.88,1890,2.91
2020,6,13,7,W1W,대전광역시,유성구,3444050,3.21,1881,2.9
2020,6,14,1,W1W,대전광역시,유성구,4848800,4.52,2664,4.1
2020,6,15,2,W1W,대전광역시,유성구,4069400,3.79,2464,3.8
2020,6,16,3,W1W,대전광역시,유성구,3115250,2.9,2040,3.14
2020,6,17,4,W1W,대전광역시,유성구,3303150,3.08,2201,3.39
2020,6,18,5,W1W,대전광역시,유성구,2931350,2.73,1947,3.0
2020,6,19,6,W1W,대전광역시,유성구,3323600,3.1,2124,3.27
2020,6,20,7,W1W,대전광역시,유성구,3815350,3.56,2260,3.48
2020,6,21,1,W1W,대전광역시,유성구,4754350,4.43,2644,4.07
2020,6,22,2,W1W,대전광역시,유성구,4077500,3.8,2480,3.82
2020,6,23,3,W1W,대전광역시,유성구,3808850,3.55,2360,3.64
2020,6,24,4,W1W,대전광역시,유성구,3216400,3.0,2096,3.23
2020,6,25,5,W1W,대전광역시,유성구,3425050,3.19,2174,3.35
2020,6,26,6,W1W,대전광역시,유성구,3190600,2.97,2106,3.24
2020,6,27,7,W1W,대전광역시,유성구,3925000,3.66,2335,3.6
2020,6,28,1,W1W,대전광역시,유성구,4777200,4.45,2702,4.16
2020,6,29,2,W1W,대전광역시,유성구,3128700,2.92,1882,2.9
2020,6,30,3,W1W,대전광역시,유성구,3321800,3.1,2092,3.22
2020,6,1,2,W1X,대전광역시,대덕구,4289797,3.63,2708,3.52
2020,6,2,3,W1X,대전광역시,대덕구,3459750,2.92,2355,3.06
2020,6,3,4,W1X,대전광역시,대덕구,3521200,2.98,2441,3.18
2020,6,4,5,W1X,대전광역시,대덕구,3414050,2.89,2282,2.97
2020,6,5,6,W1X,대전광역시,대덕구,3510300,2.97,2282,2.97
2020,6,6,7,W1X,대전광역시,대덕구,3646150,3.08,2262,2.94
2020,6,7,1,W1X,대전광역시,대덕구,4734800,4.0,2758,3.59
2020,6,8,2,W1X,대전광역시,대덕구,4725500,3.99,2956,3.85
2020,6,9,3,W1X,대전광역시,대덕구,3996150,3.38,2599,3.38
2020,6,10,4,W1X,대전광역시,대덕구,2933600,2.48,1991,2.59
2020,6,11,5,W1X,대전광역시,대덕구,3924700,3.32,2585,3.36
2020,6,12,6,W1X,대전광역시,대덕구,3560899,3.01,2385,3.1
2020,6,13,7,W1X,대전광역시,대덕구,3588750,3.03,2210,2.87
2020,6,14,1,W1X,대전광역시,대덕구,5120500,4.33,2986,3.88
2020,6,15,2,W1X,대전광역시,대덕구,4530700,3.83,2876,3.74
2020,6,16,3,W1X,대전광역시,대덕구,3758600,3.18,2534,3.3
2020,6,17,4,W1X,대전광역시,대덕구,3567200,3.01,2523,3.28
2020,6,18,5,W1X,대전광역시,대덕구,3233450,2.73,2265,2.95
2020,6,19,6,W1X,대전광역시,대덕구,3639200,3.08,2484,3.23
2020,6,20,7,W1X,대전광역시,대덕구,4065600,3.44,2540,3.3
2020,6,21,1,W1X,대전광역시,대덕구,5122650,4.33,3064,3.99
2020,6,22,2,W1X,대전광역시,대덕구,4788100,4.05,3081,4.01
2020,6,23,3,W1X,대전광역시,대덕구,4198049,3.55,2853,3.71
2020,6,24,4,W1X,대전광역시,대덕구,3468450,2.93,2438,3.17
2020,6,25,5,W1X,대전광역시,대덕구,3561750,3.01,2464,3.21
2020,6,26,6,W1X,대전광역시,대덕구,3610800,3.05,2551,3.32
2020,6,27,7,W1X,대전광역시,대덕구,4118250,3.48,2625,3.41
2020,6,28,1,W1X,대전광역시,대덕구,4978700,4.21,2983,3.88
2020,6,29,2,W1X,대전광역시,대덕구,3590550,3.03,2384,3.1
2020,6,30,3,W1X,대전광역시,대덕구,3670650,3.1,2409,3.13
2020,7,1,4,W1T,대전광역시,동구,3738050,3.46,2385,3.5
2020,7,2,5,W1T,대전광역시,동구,3392800,3.14,2190,3.21
2020,7,3,6,W1T,대전광역시,동구,3037100,2.81,1987,2.92
2020,7,4,7,W1T,대전광역시,동구,3640900,3.37,2198,3.23
2020,7,5,1,W1T,대전광역시,동구,4458050,4.13,2547,3.74
2020,7,6,2,W1T,대전광역시,동구,3568500,3.3,2226,3.27
2020,7,7,3,W1T,대전광역시,동구,3355450,3.11,2269,3.33
2020,7,8,4,W1T,대전광역시,동구,3393600,3.14,2271,3.33
2020,7,9,5,W1T,대전광역시,동구,3106250,2.87,2123,3.12
2020,7,10,6,W1T,대전광역시,동구,3188550,2.95,2075,3.05
2020,7,11,7,W1T,대전광역시,동구,3685050,3.41,2250,3.3
2020,7,12,1,W1T,대전광역시,동구,3598500,3.33,2054,3.01
2020,7,13,2,W1T,대전광역시,동구,3420550,3.17,2058,3.02
2020,7,14,3,W1T,대전광역시,동구,3576550,3.31,2313,3.4
2020,7,15,4,W1T,대전광역시,동구,3424450,3.17,2221,3.26
2020,7,16,5,W1T,대전광역시,동구,3313600,3.07,2149,3.15
2020,7,17,6,W1T,대전광역시,동구,3346550,3.1,2233,3.28
2020,7,18,7,W1T,대전광역시,동구,3583050,3.32,2221,3.26
2020,7,19,1,W1T,대전광역시,동구,4425749,4.1,2540,3.73
2020,7,20,2,W1T,대전광역시,동구,3540850,3.28,2191,3.22
2020,7,21,3,W1T,대전광역시,동구,3598450,3.33,2315,3.4
2020,7,22,4,W1T,대전광역시,동구,3167450,2.93,2133,3.13
2020,7,23,5,W1T,대전광역시,동구,2293400,2.12,1514,2.22
2020,7,24,6,W1T,대전광역시,동구,3782200,3.5,2400,3.52
2020,7,25,7,W1T,대전광역시,동구,3435850,3.18,2101,3.08
2020,7,26,1,W1T,대전광역시,동구,4783850,4.43,2691,3.95
2020,7,27,2,W1T,대전광역시,동구,3484650,3.22,2202,3.23
2020,7,28,3,W1T,대전광역시,동구,3280750,3.04,2120,3.11
2020,7,29,4,W1T,대전광역시,동구,2954000,2.73,1977,2.9
2020,7,30,5,W1T,대전광역시,동구,3299800,3.05,2032,2.98
2020,7,31,6,W1T,대전광역시,동구,3176700,2.94,2141,3.14
2020,7,1,4,W1U,대전광역시,중구,4793200,2.98,3581,3.12
2020,7,2,5,W1U,대전광역시,중구,4581750,2.85,3434,2.99
2020,7,3,6,W1U,대전광역시,중구,4268750,2.65,3279,2.86
2020,7,4,7,W1U,대전광역시,중구,5427500,3.37,3668,3.19
2020,7,5,1,W1U,대전광역시,중구,6606550,4.11,4360,3.8
2020,7,6,2,W1U,대전광역시,중구,5201399,3.23,3776,3.29
2020,7,7,3,W1U,대전광역시,중구,4893050,3.04,3670,3.2
2020,7,8,4,W1U,대전광역시,중구,4922150,3.06,3720,3.24
2020,7,9,5,W1U,대전광역시,중구,4843700,3.01,3757,3.27
2020,7,10,6,W1U,대전광역시,중구,4798400,2.98,3552,3.09
2020,7,11,7,W1U,대전광역시,중구,5557200,3.45,3913,3.41
2020,7,12,1,W1U,대전광역시,중구,5451300,3.39,3501,3.05
2020,7,13,2,W1U,대전광역시,중구,5590400,3.47,3767,3.28
2020,7,14,3,W1U,대전광역시,중구,4774950,2.97,3525,3.07
2020,7,15,4,W1U,대전광역시,중구,4990500,3.1,3735,3.25
2020,7,16,5,W1U,대전광역시,중구,5112250,3.18,3762,3.28
2020,7,17,6,W1U,대전광역시,중구,4905349,3.05,3623,3.15
2020,7,18,7,W1U,대전광역시,중구,5537850,3.44,3786,3.3
2020,7,19,1,W1U,대전광역시,중구,6625599,4.12,4327,3.77
2020,7,20,2,W1U,대전광역시,중구,5222600,3.25,3749,3.26
2020,7,21,3,W1U,대전광역시,중구,5181148,3.22,3742,3.26
2020,7,22,4,W1U,대전광역시,중구,4870349,3.03,3608,3.14
2020,7,23,5,W1U,대전광역시,중구,3759350,2.34,2781,2.42
2020,7,24,6,W1U,대전광역시,중구,5326450,3.31,3869,3.37
2020,7,25,7,W1U,대전광역시,중구,5215100,3.24,3557,3.1
2020,7,26,1,W1U,대전광역시,중구,7077050,4.4,4569,3.98
2020,7,27,2,W1U,대전광역시,중구,5455250,3.39,3871,3.37
2020,7,28,3,W1U,대전광역시,중구,5084500,3.16,3691,3.21
2020,7,29,4,W1U,대전광역시,중구,4963400,3.08,3502,3.05
2020,7,30,5,W1U,대전광역시,중구,4969550,3.09,3572,3.11
2020,7,31,6,W1U,대전광역시,중구,4926000,3.06,3590,3.13
2020,7,1,4,W1V,대전광역시,서구,11683200,3.14,7882,3.19
2020,7,2,5,W1V,대전광역시,서구,10282500,2.76,7299,2.95
2020,7,3,6,W1V,대전광역시,서구,9854450,2.65,6941,2.81
2020,7,4,7,W1V,대전광역시,서구,12051350,3.24,7790,3.15
2020,7,5,1,W1V,대전광역시,서구,15566650,4.19,9561,3.87
2020,7,6,2,W1V,대전광역시,서구,12260599,3.3,8077,3.27
2020,7,7,3,W1V,대전광역시,서구,11192750,3.01,7971,3.23
2020,7,8,4,W1V,대전광역시,서구,11386850,3.06,8182,3.31
2020,7,9,5,W1V,대전광역시,서구,11140150,3.0,7846,3.18
2020,7,10,6,W1V,대전광역시,서구,10680550,2.87,7401,3.0
2020,7,11,7,W1V,대전광역시,서구,13250550,3.56,8509,3.44
2020,7,12,1,W1V,대전광역시,서구,12668300,3.41,7605,3.08
2020,7,13,2,W1V,대전광역시,서구,12634650,3.4,7775,3.15
2020,7,14,3,W1V,대전광역시,서구,11384600,3.06,7779,3.15
2020,7,15,4,W1V,대전광역시,서구,11424600,3.07,7990,3.23
2020,7,16,5,W1V,대전광역시,서구,10914899,2.93,7733,3.13
2020,7,17,6,W1V,대전광역시,서구,11393250,3.06,7865,3.18
2020,7,18,7,W1V,대전광역시,서구,12696400,3.41,8243,3.34
2020,7,19,1,W1V,대전광역시,서구,15763250,4.24,9673,3.92
2020,7,20,2,W1V,대전광역시,서구,12005099,3.23,7885,3.19
2020,7,21,3,W1V,대전광역시,서구,12352550,3.32,8520,3.45
2020,7,22,4,W1V,대전광역시,서구,11309650,3.04,7964,3.22
2020,7,23,5,W1V,대전광역시,서구,8986450,2.42,5894,2.39
2020,7,24,6,W1V,대전광역시,서구,11992199,3.22,7985,3.23
2020,7,25,7,W1V,대전광역시,서구,12617700,3.39,7875,3.19
2020,7,26,1,W1V,대전광역시,서구,16143600,4.34,9906,4.01
2020,7,27,2,W1V,대전광역시,서구,12416600,3.34,8115,3.28
2020,7,28,3,W1V,대전광역시,서구,11592300,3.12,7802,3.16
2020,7,29,4,W1V,대전광역시,서구,11631999,3.13,7786,3.15
2020,7,30,5,W1V,대전광역시,서구,10862200,2.92,7271,2.94
2020,7,31,6,W1V,대전광역시,서구,11812150,3.18,7941,3.21
2020,7,1,4,W1W,대전광역시,유성구,3868110,3.34,2570,3.51
2020,7,2,5,W1W,대전광역시,유성구,3343250,2.89,2181,2.98
2020,7,3,6,W1W,대전광역시,유성구,2998700,2.59,2065,2.82
2020,7,4,7,W1W,대전광역시,유성구,3764050,3.25,2277,3.11
2020,7,5,1,W1W,대전광역시,유성구,4400550,3.8,2587,3.54
2020,7,6,2,W1W,대전광역시,유성구,4010050,3.46,2530,3.46
2020,7,7,3,W1W,대전광역시,유성구,3322850,2.87,2197,3.0
2020,7,8,4,W1W,대전광역시,유성구,3472200,3.0,2367,3.24
2020,7,9,5,W1W,대전광역시,유성구,3243050,2.8,2230,3.05
2020,7,10,6,W1W,대전광역시,유성구,3179000,2.74,2156,2.95
2020,7,11,7,W1W,대전광역시,유성구,4062650,3.51,2456,3.36
2020,7,12,1,W1W,대전광역시,유성구,3564850,3.08,2124,2.9
2020,7,13,2,W1W,대전광역시,유성구,3849300,3.32,2242,3.07
2020,7,14,3,W1W,대전광역시,유성구,3573750,3.08,2280,3.12
2020,7,15,4,W1W,대전광역시,유성구,3490600,3.01,2275,3.11
2020,7,16,5,W1W,대전광역시,유성구,3434600,2.96,2280,3.12
2020,7,17,6,W1W,대전광역시,유성구,3491000,3.01,2235,3.06
2020,7,18,7,W1W,대전광역시,유성구,3904550,3.37,2360,3.23
2020,7,19,1,W1W,대전광역시,유성구,4709850,4.06,2732,3.74
2020,7,20,2,W1W,대전광역시,유성구,4069150,3.51,2484,3.4
2020,7,21,3,W1W,대전광역시,유성구,3855250,3.33,2540,3.47
2020,7,22,4,W1W,대전광역시,유성구,3526000,3.04,2311,3.16
2020,7,23,5,W1W,대전광역시,유성구,2857340,2.47,1832,2.5
2020,7,24,6,W1W,대전광역시,유성구,4153750,3.58,2627,3.59
2020,7,25,7,W1W,대전광역시,유성구,3928800,3.39,2349,3.21
2020,7,26,1,W1W,대전광역시,유성구,4927650,4.25,2831,3.87
2020,7,27,2,W1W,대전광역시,유성구,4250750,3.67,2598,3.55
2020,7,28,3,W1W,대전광역시,유성구,3766700,3.25,2475,3.38
2020,7,29,4,W1W,대전광역시,유성구,3653750,3.15,2333,3.19
2020,7,30,5,W1W,대전광역시,유성구,3686950,3.18,2322,3.17
2020,7,31,6,W1W,대전광역시,유성구,3511000,3.03,2299,3.14
2020,7,1,4,W1X,대전광역시,대덕구,4409400,3.1,3021,3.13
2020,7,2,5,W1X,대전광역시,대덕구,4115999,2.89,2938,3.05
2020,7,3,6,W1X,대전광역시,대덕구,3753500,2.64,2752,2.86
2020,7,4,7,W1X,대전광역시,대덕구,4831950,3.4,3106,3.22
2020,7,5,1,W1X,대전광역시,대덕구,5479099,3.85,3365,3.49
2020,7,6,2,W1X,대전광역시,대덕구,5135200,3.61,3456,3.59
2020,7,7,3,W1X,대전광역시,대덕구,4292249,3.02,3108,3.23
2020,7,8,4,W1X,대전광역시,대덕구,4267750,3.0,3099,3.22
2020,7,9,5,W1X,대전광역시,대덕구,4373950,3.07,3148,3.27
2020,7,10,6,W1X,대전광역시,대덕구,4022100,2.83,2827,2.93
2020,7,11,7,W1X,대전광역시,대덕구,4839050,3.4,3220,3.34
2020,7,12,1,W1X,대전광역시,대덕구,4334799,3.05,2730,2.83
2020,7,13,2,W1X,대전광역시,대덕구,5121250,3.6,3266,3.39
2020,7,14,3,W1X,대전광역시,대덕구,4517700,3.18,3136,3.25
2020,7,15,4,W1X,대전광역시,대덕구,4183100,2.94,2988,3.1
2020,7,16,5,W1X,대전광역시,대덕구,4292000,3.02,3059,3.17
2020,7,17,6,W1X,대전광역시,대덕구,4535550,3.19,3137,3.26
2020,7,18,7,W1X,대전광역시,대덕구,4899650,3.44,3181,3.3
2020,7,19,1,W1X,대전광역시,대덕구,5765250,4.05,3516,3.65
2020,7,20,2,W1X,대전광역시,대덕구,5096050,3.58,3410,3.54
2020,7,21,3,W1X,대전광역시,대덕구,4652050,3.27,3355,3.48
2020,7,22,4,W1X,대전광역시,대덕구,3995800,2.81,2885,2.99
2020,7,23,5,W1X,대전광역시,대덕구,3304950,2.32,2317,2.4
2020,7,24,6,W1X,대전광역시,대덕구,4821400,3.39,3220,3.34
2020,7,25,7,W1X,대전광역시,대덕구,4818200,3.39,3077,3.19
2020,7,26,1,W1X,대전광역시,대덕구,6131950,4.31,3672,3.81
2020,7,27,2,W1X,대전광역시,대덕구,5189850,3.65,3440,3.57
2020,7,28,3,W1X,대전광역시,대덕구,4459350,3.13,3161,3.28
2020,7,29,4,W1X,대전광역시,대덕구,3928100,2.76,2744,2.85
2020,7,30,5,W1X,대전광역시,대덕구,4421800,3.11,3009,3.12
2020,7,31,6,W1X,대전광역시,대덕구,4286949,3.01,3021,3.13
2020,8,1,7,W1T,대전광역시,동구,3634150,3.5,2200,3.16
2020,8,2,1,W1T,대전광역시,동구,4463450,4.29,2588,3.72
2020,8,3,2,W1T,대전광역시,동구,3788950,3.65,2418,3.48
2020,8,4,3,W1T,대전광역시,동구,3304300,3.18,2101,3.02
2020,8,5,4,W1T,대전광역시,동구,3577700,3.44,2436,3.5
2020,8,6,5,W1T,대전광역시,동구,3082800,2.97,2044,2.94
2020,8,7,6,W1T,대전광역시,동구,3084000,2.97,1990,2.86
2020,8,8,7,W1T,대전광역시,동구,3238900,3.12,1982,2.85
2020,8,9,1,W1T,대전광역시,동구,4503550,4.33,2699,3.88
2020,8,10,2,W1T,대전광역시,동구,3107050,2.99,2150,3.09
2020,8,11,3,W1T,대전광역시,동구,3174150,3.05,2108,3.03
2020,8,12,4,W1T,대전광역시,동구,3192000,3.07,2212,3.18
2020,8,13,5,W1T,대전광역시,동구,3098000,2.98,2151,3.09
2020,8,14,6,W1T,대전광역시,동구,3045550,2.93,2105,3.03
2020,8,15,7,W1T,대전광역시,동구,3172400,3.05,2171,3.12
2020,8,16,1,W1T,대전광역시,동구,3581200,3.45,2249,3.23
2020,8,17,2,W1T,대전광역시,동구,3815400,3.67,2420,3.48
2020,8,18,3,W1T,대전광역시,동구,3254650,3.13,2252,3.24
2020,8,19,4,W1T,대전광역시,동구,3105350,2.99,2220,3.19
2020,8,20,5,W1T,대전광역시,동구,3017600,2.9,2171,3.12
2020,8,21,6,W1T,대전광역시,동구,3051600,2.94,2190,3.15
2020,8,22,7,W1T,대전광역시,동구,3139300,3.02,2164,3.11
2020,8,23,1,W1T,대전광역시,동구,4156900,4.0,2635,3.79
2020,8,24,2,W1T,대전광역시,동구,3185450,3.06,2266,3.26
2020,8,25,3,W1T,대전광역시,동구,3161400,3.04,2274,3.27
2020,8,26,4,W1T,대전광역시,동구,3003750,2.89,2276,3.27
2020,8,27,5,W1T,대전광역시,동구,2789800,2.68,2135,3.07
2020,8,28,6,W1T,대전광역시,동구,2612850,2.51,1964,2.82
2020,8,29,7,W1T,대전광역시,동구,3187650,3.07,2134,3.07
2020,8,30,1,W1T,대전광역시,동구,3898350,3.75,2471,3.55
2020,8,31,2,W1T,대전광역시,동구,3505250,3.37,2402,3.45
2020,8,1,7,W1U,대전광역시,중구,5391600,3.4,3734,3.15
2020,8,2,1,W1U,대전광역시,중구,6600300,4.16,4352,3.68
2020,8,3,2,W1U,대전광역시,중구,5542000,3.49,3932,3.32
2020,8,4,3,W1U,대전광역시,중구,4741900,2.99,3338,2.82
2020,8,5,4,W1U,대전광역시,중구,5540250,3.49,4012,3.39
2020,8,6,5,W1U,대전광역시,중구,4902200,3.09,3565,3.01
2020,8,7,6,W1U,대전광역시,중구,4402800,2.78,3235,2.73
2020,8,8,7,W1U,대전광역시,중구,5034500,3.17,3368,2.84
2020,8,9,1,W1U,대전광역시,중구,6624800,4.18,4486,3.79
2020,8,10,2,W1U,대전광역시,중구,5049000,3.18,3639,3.07
2020,8,11,3,W1U,대전광역시,중구,4629850,2.92,3551,3.0
2020,8,12,4,W1U,대전광역시,중구,4984150,3.14,3883,3.28
2020,8,13,5,W1U,대전광역시,중구,4711100,2.97,3678,3.11
2020,8,14,6,W1U,대전광역시,중구,4776000,3.01,3692,3.12
2020,8,15,7,W1U,대전광역시,중구,5017100,3.16,3671,3.1
2020,8,16,1,W1U,대전광역시,중구,5352050,3.37,3841,3.24
2020,8,17,2,W1U,대전광역시,중구,5717600,3.6,4127,3.49
2020,8,18,3,W1U,대전광역시,중구,4941450,3.11,3744,3.16
2020,8,19,4,W1U,대전광역시,중구,4726300,2.98,3789,3.2
2020,8,20,5,W1U,대전광역시,중구,4660900,2.94,3740,3.16
2020,8,21,6,W1U,대전광역시,중구,4468350,2.82,3638,3.07
2020,8,22,7,W1U,대전광역시,중구,5031200,3.17,3749,3.17
2020,8,23,1,W1U,대전광역시,중구,6297250,3.97,4483,3.79
2020,8,24,2,W1U,대전광역시,중구,4962950,3.13,3987,3.37
2020,8,25,3,W1U,대전광역시,중구,4828550,3.04,3852,3.25
2020,8,26,4,W1U,대전광역시,중구,4827350,3.04,3933,3.32
2020,8,27,5,W1U,대전광역시,중구,4475000,2.82,3759,3.17
2020,8,28,6,W1U,대전광역시,중구,4029150,2.54,3384,2.86
2020,8,29,7,W1U,대전광역시,중구,5007400,3.16,3731,3.15
2020,8,30,1,W1U,대전광역시,중구,6207900,3.91,4485,3.79
2020,8,31,2,W1U,대전광역시,중구,5157700,3.25,4034,3.41
2020,8,1,7,W1V,대전광역시,서구,11675600,3.14,7667,2.93
2020,8,2,1,W1V,대전광역시,서구,15516150,4.17,9724,3.71
2020,8,3,2,W1V,대전광역시,서구,12469100,3.35,8358,3.19
2020,8,4,3,W1V,대전광역시,서구,11522700,3.1,7874,3.01
2020,8,5,4,W1V,대전광역시,서구,12899250,3.47,8946,3.42
2020,8,6,5,W1V,대전광역시,서구,11130549,2.99,7786,2.97
2020,8,7,6,W1V,대전광역시,서구,10210399,2.75,7126,2.72
2020,8,8,7,W1V,대전광역시,서구,11916750,3.21,7762,2.96
2020,8,9,1,W1V,대전광역시,서구,15617700,4.2,9986,3.81
2020,8,10,2,W1V,대전광역시,서구,11523000,3.1,8067,3.08
2020,8,11,3,W1V,대전광역시,서구,10878700,2.93,7712,2.95
2020,8,12,4,W1V,대전광역시,서구,11884800,3.2,8716,3.33
2020,8,13,5,W1V,대전광역시,서구,11065750,2.98,7950,3.04
2020,8,14,6,W1V,대전광역시,서구,11037200,2.97,8034,3.07
2020,8,15,7,W1V,대전광역시,서구,12156550,3.27,8182,3.12
2020,8,16,1,W1V,대전광역시,서구,12552250,3.38,8421,3.22
2020,8,17,2,W1V,대전광역시,서구,13472550,3.62,9217,3.52
2020,8,18,3,W1V,대전광역시,서구,11360400,3.06,8308,3.17
2020,8,19,4,W1V,대전광역시,서구,11284300,3.04,8558,3.27
2020,8,20,5,W1V,대전광역시,서구,10927500,2.94,8111,3.1
2020,8,21,6,W1V,대전광역시,서구,10862350,2.92,8102,3.09
2020,8,22,7,W1V,대전광역시,서구,12115499,3.26,8348,3.19
2020,8,23,1,W1V,대전광역시,서구,14796450,3.98,9931,3.79
2020,8,24,2,W1V,대전광역시,서구,12291050,3.31,8953,3.42
2020,8,25,3,W1V,대전광역시,서구,11130600,2.99,8547,3.26
2020,8,26,4,W1V,대전광역시,서구,11098450,2.99,8558,3.27
2020,8,27,5,W1V,대전광역시,서구,10336450,2.78,8205,3.13
2020,8,28,6,W1V,대전광역시,서구,9267900,2.49,7223,2.76
2020,8,29,7,W1V,대전광역시,서구,11634900,3.13,8384,3.2
2020,8,30,1,W1V,대전광역시,서구,14715700,3.96,9899,3.78
2020,8,31,2,W1V,대전광역시,서구,12421100,3.34,9206,3.52
2020,8,1,7,W1W,대전광역시,유성구,3731074,3.27,2278,2.96
2020,8,2,1,W1W,대전광역시,유성구,4875807,4.27,2934,3.81
2020,8,3,2,W1W,대전광역시,유성구,4343562,3.8,2700,3.5
2020,8,4,3,W1W,대전광역시,유성구,3575470,3.13,2410,3.13
2020,8,5,4,W1W,대전광역시,유성구,3893341,3.41,2652,3.44
2020,8,6,5,W1W,대전광역시,유성구,3371519,2.95,2267,2.94
2020,8,7,6,W1W,대전광역시,유성구,2988179,2.62,2042,2.65
2020,8,8,7,W1W,대전광역시,유성구,3548693,3.11,2199,2.85
2020,8,9,1,W1W,대전광역시,유성구,4650976,4.07,2810,3.65
2020,8,10,2,W1W,대전광역시,유성구,3748900,3.28,2451,3.18
2020,8,11,3,W1W,대전광역시,유성구,3229500,2.83,2215,2.87
2020,8,12,4,W1W,대전광역시,유성구,3610550,3.16,2484,3.22
2020,8,13,5,W1W,대전광역시,유성구,3345900,2.93,2377,3.08
2020,8,14,6,W1W,대전광역시,유성구,3441350,3.01,2371,3.08
2020,8,15,7,W1W,대전광역시,유성구,3408700,2.98,2342,3.04
2020,8,16,1,W1W,대전광역시,유성구,3750655,3.28,2376,3.08
2020,8,17,2,W1W,대전광역시,유성구,4322591,3.78,2787,3.62
2020,8,18,3,W1W,대전광역시,유성구,3507767,3.07,2393,3.11
2020,8,19,4,W1W,대전광역시,유성구,3505550,3.07,2532,3.29
2020,8,20,5,W1W,대전광역시,유성구,3295076,2.89,2397,3.11
2020,8,21,6,W1W,대전광역시,유성구,3273777,2.87,2346,3.04
2020,8,22,7,W1W,대전광역시,유성구,3626884,3.18,2432,3.16
2020,8,23,1,W1W,대전광역시,유성구,4458453,3.9,2845,3.69
2020,8,24,2,W1W,대전광역시,유성구,3816182,3.34,2663,3.46
2020,8,25,3,W1W,대전광역시,유성구,3438407,3.01,2511,3.26
2020,8,26,4,W1W,대전광역시,유성구,3325448,2.91,2453,3.18
2020,8,27,5,W1W,대전광역시,유성구,3207183,2.81,2429,3.15
2020,8,28,6,W1W,대전광역시,유성구,2744570,2.4,2041,2.65
2020,8,29,7,W1W,대전광역시,유성구,3758648,3.29,2564,3.33
2020,8,30,1,W1W,대전광역시,유성구,4427125,3.88,2949,3.83
2020,8,31,2,W1W,대전광역시,유성구,3990815,3.49,2814,3.65
2020,8,1,7,W1X,대전광역시,대덕구,4605450,3.26,3002,2.99
2020,8,2,1,W1X,대전광역시,대덕구,5640400,3.99,3553,3.54
2020,8,3,2,W1X,대전광역시,대덕구,5111850,3.62,3442,3.43
2020,8,4,3,W1X,대전광역시,대덕구,4292500,3.04,3035,3.02
2020,8,5,4,W1X,대전광역시,대덕구,4715450,3.34,3305,3.29
2020,8,6,5,W1X,대전광역시,대덕구,4321800,3.06,2984,2.97
2020,8,7,6,W1X,대전광역시,대덕구,3970850,2.81,2779,2.77
2020,8,8,7,W1X,대전광역시,대덕구,4632850,3.28,2912,2.9
2020,8,9,1,W1X,대전광역시,대덕구,5673000,4.02,3682,3.66
2020,8,10,2,W1X,대전광역시,대덕구,4697150,3.33,3315,3.3
2020,8,11,3,W1X,대전광역시,대덕구,4220550,2.99,3031,3.02
2020,8,12,4,W1X,대전광역시,대덕구,4331050,3.07,3199,3.18
2020,8,13,5,W1X,대전광역시,대덕구,3952200,2.8,3048,3.03
2020,8,14,6,W1X,대전광역시,대덕구,4204550,2.98,3075,3.06
2020,8,15,7,W1X,대전광역시,대덕구,4493200,3.18,3097,3.08
2020,8,16,1,W1X,대전광역시,대덕구,4953950,3.51,3306,3.29
2020,8,17,2,W1X,대전광역시,대덕구,5539200,3.92,3754,3.74
2020,8,18,3,W1X,대전광역시,대덕구,4420300,3.13,3259,3.24
2020,8,19,4,W1X,대전광역시,대덕구,4214150,2.98,3237,3.22
2020,8,20,5,W1X,대전광역시,대덕구,4087050,2.89,3123,3.11
2020,8,21,6,W1X,대전광역시,대덕구,4183400,2.96,3132,3.12
2020,8,22,7,W1X,대전광역시,대덕구,4301000,3.04,3082,3.07
2020,8,23,1,W1X,대전광역시,대덕구,5414000,3.83,3643,3.63
2020,8,24,2,W1X,대전광역시,대덕구,4989050,3.53,3684,3.67
2020,8,25,3,W1X,대전광역시,대덕구,4092200,2.9,3221,3.21
2020,8,26,4,W1X,대전광역시,대덕구,4021500,2.85,3160,3.15
2020,8,27,5,W1X,대전광역시,대덕구,3967650,2.81,3200,3.18
2020,8,28,6,W1X,대전광역시,대덕구,3458850,2.45,2826,2.81
2020,8,29,7,W1X,대전광역시,대덕구,4312200,3.05,3083,3.07
2020,8,30,1,W1X,대전광역시,대덕구,5015500,3.55,3452,3.44
2020,8,31,2,W1X,대전광역시,대덕구,5424100,3.84,3855,3.84
2020,9,1,3,W1T,대전광역시,동구,2811450,3.1,2178,3.43
2020,9,2,4,W1T,대전광역시,동구,2593800,2.86,1853,2.92
2020,9,3,5,W1T,대전광역시,동구,2935450,3.24,2133,3.36
2020,9,4,6,W1T,대전광역시,동구,2817950,3.11,2113,3.33
2020,9,5,7,W1T,대전광역시,동구,3051050,3.37,2129,3.35
2020,9,6,1,W1T,대전광역시,동구,3148800,3.48,2060,3.24
2020,9,7,2,W1T,대전광역시,동구,2810150,3.1,1893,2.98
2020,9,8,3,W1T,대전광역시,동구,3392250,3.74,2392,3.77
2020,9,9,4,W1T,대전광역시,동구,2640850,2.92,1981,3.12
2020,9,10,5,W1T,대전광역시,동구,2702250,2.98,2033,3.2
2020,9,11,6,W1T,대전광역시,동구,2441250,2.69,1822,2.87
2020,9,12,7,W1T,대전광역시,동구,2726800,3.01,1917,3.02
2020,9,13,1,W1T,대전광역시,동구,3785900,4.18,2449,3.86
2020,9,14,2,W1T,대전광역시,동구,3162200,3.49,2204,3.47
2020,9,15,3,W1T,대전광역시,동구,2674900,2.95,2017,3.18
2020,9,16,4,W1T,대전광역시,동구,2468050,2.72,1906,3.0
2020,9,17,5,W1T,대전광역시,동구,2628700,2.9,1959,3.08
2020,9,18,6,W1T,대전광역시,동구,2635250,2.91,1981,3.12
2020,9,19,7,W1T,대전광역시,동구,2635850,2.91,1952,3.07
2020,9,20,1,W1T,대전광역시,동구,3540500,3.91,2279,3.59
2020,9,21,2,W1T,대전광역시,동구,3015100,3.33,2150,3.39
2020,9,22,3,W1T,대전광역시,동구,2674000,2.95,1923,3.03
2020,9,23,4,W1T,대전광역시,동구,2564200,2.83,1976,3.11
2020,9,24,5,W1T,대전광역시,동구,2706300,2.99,1936,3.05
2020,9,25,6,W1T,대전광역시,동구,2704650,2.99,1934,3.05
2020,9,26,7,W1T,대전광역시,동구,3072000,3.39,2018,3.18
2020,9,27,1,W1T,대전광역시,동구,4107500,4.53,2476,3.9
2020,9,28,2,W1T,대전광역시,동구,3423450,3.78,2242,3.53
2020,9,29,3,W1T,대전광역시,동구,3734200,4.12,2437,3.84
2020,9,30,4,W1T,대전광역시,동구,4982350,5.5,3168,4.99
2020,9,1,3,W1U,대전광역시,중구,4416400,3.16,3676,3.35
2020,9,2,4,W1U,대전광역시,중구,4121050,2.95,3322,3.03
2020,9,3,5,W1U,대전광역시,중구,4770800,3.41,3858,3.52
2020,9,4,6,W1U,대전광역시,중구,4288900,3.07,3610,3.29
2020,9,5,7,W1U,대전광역시,중구,4616300,3.3,3708,3.38
2020,9,6,1,W1U,대전광역시,중구,4869250,3.49,3701,3.38
2020,9,7,2,W1U,대전광역시,중구,4269450,3.06,3281,2.99
2020,9,8,3,W1U,대전광역시,중구,4948150,3.54,3967,3.62
2020,9,9,4,W1U,대전광역시,중구,4467350,3.2,3583,3.27
2020,9,10,5,W1U,대전광역시,중구,4195550,3.0,3597,3.28
2020,9,11,6,W1U,대전광역시,중구,3897900,2.79,3271,2.98
2020,9,12,7,W1U,대전광역시,중구,4437150,3.18,3446,3.14
2020,9,13,1,W1U,대전광역시,중구,5901850,4.22,4307,3.93
2020,9,14,2,W1U,대전광역시,중구,4859400,3.48,3838,3.5
2020,9,15,3,W1U,대전광역시,중구,4116250,2.95,3452,3.15
2020,9,16,4,W1U,대전광역시,중구,4043850,2.89,3441,3.14
2020,9,17,5,W1U,대전광역시,중구,4066850,2.91,3288,3.0
2020,9,18,6,W1U,대전광역시,중구,4175100,2.99,3416,3.12
2020,9,19,7,W1U,대전광역시,중구,4524250,3.24,3482,3.18
2020,9,20,1,W1U,대전광역시,중구,5451900,3.9,3993,3.64
2020,9,21,2,W1U,대전광역시,중구,4624750,3.31,3675,3.35
2020,9,22,3,W1U,대전광역시,중구,4017300,2.88,3294,3.0
2020,9,23,4,W1U,대전광역시,중구,4249500,3.04,3454,3.15
2020,9,24,5,W1U,대전광역시,중구,4181000,2.99,3320,3.03
2020,9,25,6,W1U,대전광역시,중구,4175650,2.99,3385,3.09
2020,9,26,7,W1U,대전광역시,중구,4685150,3.35,3430,3.13
2020,9,27,1,W1U,대전광역시,중구,6178400,4.42,4255,3.88
2020,9,28,2,W1U,대전광역시,중구,4934400,3.53,3704,3.38
2020,9,29,3,W1U,대전광역시,중구,5404150,3.87,4044,3.69
2020,9,30,4,W1U,대전광역시,중구,6829950,4.89,4824,4.4
2020,9,1,3,W1V,대전광역시,서구,10210150,3.12,8230,3.43
2020,9,2,4,W1V,대전광역시,서구,9098500,2.78,7077,2.95
2020,9,3,5,W1V,대전광역시,서구,10970800,3.35,8388,3.5
2020,9,4,6,W1V,대전광역시,서구,10421650,3.19,7886,3.29
2020,9,5,7,W1V,대전광역시,서구,10752400,3.29,8035,3.35
2020,9,6,1,W1V,대전광역시,서구,11780150,3.6,8085,3.37
2020,9,7,2,W1V,대전광역시,서구,10483150,3.2,7298,3.04
2020,9,8,3,W1V,대전광역시,서구,11566000,3.54,8777,3.66
2020,9,9,4,W1V,대전광역시,서구,10259900,3.14,7955,3.32
2020,9,10,5,W1V,대전광역시,서구,9548550,2.92,7582,3.16
2020,9,11,6,W1V,대전광역시,서구,8652450,2.64,6839,2.85
2020,9,12,7,W1V,대전광역시,서구,10615700,3.24,7456,3.11
2020,9,13,1,W1V,대전광역시,서구,13899900,4.25,9576,3.99
2020,9,14,2,W1V,대전광역시,서구,10852550,3.32,8101,3.38
2020,9,15,3,W1V,대전광역시,서구,9827200,3.0,7772,3.24
2020,9,16,4,W1V,대전광역시,서구,9690950,2.96,7560,3.15
2020,9,17,5,W1V,대전광역시,서구,9109350,2.78,7174,2.99
2020,9,18,6,W1V,대전광역시,서구,9620650,2.94,7497,3.13
2020,9,19,7,W1V,대전광역시,서구,10489000,3.21,7533,3.14
2020,9,20,1,W1V,대전광역시,서구,13053150,3.99,9116,3.8
2020,9,21,2,W1V,대전광역시,서구,10862400,3.32,7902,3.29
2020,9,22,3,W1V,대전광역시,서구,9708300,2.97,7247,3.02
2020,9,23,4,W1V,대전광역시,서구,10179600,3.11,7677,3.2
2020,9,24,5,W1V,대전광역시,서구,9587350,2.93,7166,2.99
2020,9,25,6,W1V,대전광역시,서구,9469550,2.89,6975,2.91
2020,9,26,7,W1V,대전광역시,서구,11057850,3.38,7650,3.19
2020,9,27,1,W1V,대전광역시,서구,14495850,4.43,9455,3.94
2020,9,28,2,W1V,대전광역시,서구,11981900,3.66,8235,3.43
2020,9,29,3,W1V,대전광역시,서구,12735750,3.89,8805,3.67
2020,9,30,4,W1V,대전광역시,서구,16171450,4.94,10847,4.52
2020,9,1,3,W1W,대전광역시,유성구,3255168,3.38,2393,3.44
2020,9,2,4,W1W,대전광역시,유성구,2710844,2.82,2058,2.96
2020,9,3,5,W1W,대전광역시,유성구,3315905,3.44,2460,3.53
2020,9,4,6,W1W,대전광역시,유성구,3047183,3.17,2361,3.39
2020,9,5,7,W1W,대전광역시,유성구,3412988,3.55,2401,3.45
2020,9,6,1,W1W,대전광역시,유성구,3301575,3.43,2325,3.34
2020,9,7,2,W1W,대전광역시,유성구,3249683,3.38,2278,3.27
2020,9,8,3,W1W,대전광역시,유성구,3402604,3.54,2514,3.61
2020,9,9,4,W1W,대전광역시,유성구,2956854,3.07,2345,3.37
2020,9,10,5,W1W,대전광역시,유성구,2792463,2.9,2252,3.23
2020,9,11,6,W1W,대전광역시,유성구,2508296,2.61,1968,2.83
2020,9,12,7,W1W,대전광역시,유성구,3123074,3.24,2192,3.15
2020,9,13,1,W1W,대전광역시,유성구,3930814,4.08,2682,3.85
2020,9,14,2,W1W,대전광역시,유성구,3459448,3.59,2497,3.59
2020,9,15,3,W1W,대전광역시,유성구,2973895,3.09,2272,3.26
2020,9,16,4,W1W,대전광역시,유성구,2699058,2.8,2113,3.03
2020,9,17,5,W1W,대전광역시,유성구,2791438,2.9,2178,3.13
2020,9,18,6,W1W,대전광역시,유성구,2661593,2.77,2098,3.01
2020,9,19,7,W1W,대전광역시,유성구,2965064,3.08,2116,3.04
2020,9,20,1,W1W,대전광역시,유성구,3929692,4.08,2543,3.65
2020,9,21,2,W1W,대전광역시,유성구,3276280,3.4,2336,3.35
2020,9,22,3,W1W,대전광역시,유성구,2827734,2.94,2135,3.07
2020,9,23,4,W1W,대전광역시,유성구,2866452,2.98,2180,3.13
2020,9,24,5,W1W,대전광역시,유성구,2815847,2.93,2052,2.95
2020,9,25,6,W1W,대전광역시,유성구,2792935,2.9,2065,2.97
2020,9,26,7,W1W,대전광역시,유성구,3228472,3.35,2207,3.17
2020,9,27,1,W1W,대전광역시,유성구,3850311,4.0,2543,3.65
2020,9,28,2,W1W,대전광역시,유성구,3656654,3.8,2415,3.47
2020,9,29,3,W1W,대전광역시,유성구,3820431,3.97,2600,3.73
2020,9,30,4,W1W,대전광역시,유성구,4630126,4.81,3051,4.38
2020,9,1,3,W1X,대전광역시,대덕구,3909900,3.03,3159,3.28
2020,9,2,4,W1X,대전광역시,대덕구,3582650,2.77,2823,2.93
2020,9,3,5,W1X,대전광역시,대덕구,4082450,3.16,3257,3.38
2020,9,4,6,W1X,대전광역시,대덕구,4008500,3.1,3174,3.29
2020,9,5,7,W1X,대전광역시,대덕구,4034350,3.12,3083,3.2
2020,9,6,1,W1X,대전광역시,대덕구,4436600,3.44,3038,3.15
2020,9,7,2,W1X,대전광역시,대덕구,4495950,3.48,3093,3.21
2020,9,8,3,W1X,대전광역시,대덕구,4547200,3.52,3484,3.62
2020,9,9,4,W1X,대전광역시,대덕구,3847850,2.98,3069,3.19
2020,9,10,5,W1X,대전광역시,대덕구,3693900,2.86,3093,3.21
2020,9,11,6,W1X,대전광역시,대덕구,3485550,2.7,2848,2.96
2020,9,12,7,W1X,대전광역시,대덕구,4091600,3.17,2875,2.98
2020,9,13,1,W1X,대전광역시,대덕구,5379050,4.16,3643,3.78
2020,9,14,2,W1X,대전광역시,대덕구,4782050,3.7,3553,3.69
2020,9,15,3,W1X,대전광역시,대덕구,3980400,3.08,3127,3.25
2020,9,16,4,W1X,대전광역시,대덕구,3664150,2.84,2918,3.03
2020,9,17,5,W1X,대전광역시,대덕구,3749100,2.9,3030,3.14
2020,9,18,6,W1X,대전광역시,대덕구,3669050,2.84,2968,3.08
2020,9,19,7,W1X,대전광역시,대덕구,4160850,3.22,2986,3.1
2020,9,20,1,W1X,대전광역시,대덕구,5174200,4.01,3505,3.64
2020,9,21,2,W1X,대전광역시,대덕구,4323500,3.35,3324,3.45
2020,9,22,3,W1X,대전광역시,대덕구,3994100,3.09,3039,3.15
2020,9,23,4,W1X,대전광역시,대덕구,3839400,2.97,3008,3.12
2020,9,24,5,W1X,대전광역시,대덕구,3794600,2.94,2909,3.02
2020,9,25,6,W1X,대전광역시,대덕구,3708150,2.87,2923,3.03
2020,9,26,7,W1X,대전광역시,대덕구,4159200,3.22,2979,3.09
2020,9,27,1,W1X,대전광역시,대덕구,5926450,4.59,3808,3.95
2020,9,28,2,W1X,대전광역시,대덕구,4919000,3.81,3539,3.67
2020,9,29,3,W1X,대전광역시,대덕구,5086450,3.94,3623,3.76
2020,9,30,4,W1X,대전광역시,대덕구,6625400,5.13,4467,4.64
2020,10,1,5,W1T,대전광역시,동구,3511750,3.45,2024,3.14
2020,10,2,6,W1T,대전광역시,동구,3714450,3.65,2130,3.3
2020,10,3,7,W1T,대전광역시,동구,3191650,3.14,1985,3.08
2020,10,4,1,W1T,대전광역시,동구,4353850,4.28,2513,3.89
2020,10,5,2,W1T,대전광역시,동구,3429600,3.37,2253,3.49
2020,10,6,3,W1T,대전광역시,동구,3150650,3.1,2078,3.22
2020,10,7,4,W1T,대전광역시,동구,3075100,3.02,2065,3.2
2020,10,8,5,W1T,대전광역시,동구,2660700,2.61,1936,3.0
2020,10,9,6,W1T,대전광역시,동구,3207750,3.15,2008,3.11
2020,10,10,7,W1T,대전광역시,동구,3281650,3.22,2081,3.22
2020,10,11,1,W1T,대전광역시,동구,3926700,3.86,2353,3.65
2020,10,12,2,W1T,대전광역시,동구,3395400,3.34,2239,3.47
2020,10,13,3,W1T,대전광역시,동구,2907300,2.86,1970,3.05
2020,10,14,4,W1T,대전광역시,동구,2807200,2.76,1921,2.98
2020,10,15,5,W1T,대전광역시,동구,2786200,2.74,1929,2.99
2020,10,16,6,W1T,대전광역시,동구,2778500,2.73,1916,2.97
2020,10,17,7,W1T,대전광역시,동구,3002050,2.95,1919,2.97
2020,10,18,1,W1T,대전광역시,동구,3718300,3.65,2257,3.5
2020,10,19,2,W1T,대전광역시,동구,3288150,3.23,2131,3.3
2020,10,20,3,W1T,대전광역시,동구,3078150,3.02,2004,3.1
2020,10,21,4,W1T,대전광역시,동구,3091000,3.04,1999,3.1
2020,10,22,5,W1T,대전광역시,동구,2886000,2.84,1974,3.06
2020,10,23,6,W1T,대전광역시,동구,3089900,3.04,2009,3.11
2020,10,24,7,W1T,대전광역시,동구,3078500,3.03,1897,2.94
2020,10,25,1,W1T,대전광역시,동구,4274500,4.2,2446,3.79
2020,10,26,2,W1T,대전광역시,동구,3729300,3.66,2240,3.47
2020,10,27,3,W1T,대전광역시,동구,3186000,3.13,2065,3.2
2020,10,28,4,W1T,대전광역시,동구,3326200,3.27,2115,3.28
2020,10,29,5,W1T,대전광역시,동구,3078950,3.03,2014,3.12
2020,10,30,6,W1T,대전광역시,동구,3152400,3.1,1997,3.09
2020,10,31,7,W1T,대전광역시,동구,3607500,3.54,2082,3.23
2020,10,1,5,W1U,대전광역시,중구,5434100,3.8,3494,3.44
2020,10,2,6,W1U,대전광역시,중구,5120250,3.58,3358,3.3
2020,10,3,7,W1U,대전광역시,중구,5163700,3.61,3488,3.43
2020,10,4,1,W1U,대전광역시,중구,5861150,4.1,3996,3.93
2020,10,5,2,W1U,대전광역시,중구,4960600,3.47,3532,3.47
2020,10,6,3,W1U,대전광역시,중구,4149900,2.9,3213,3.16
2020,10,7,4,W1U,대전광역시,중구,4476550,3.13,3384,3.33
2020,10,8,5,W1U,대전광역시,중구,4069300,2.84,3225,3.17
2020,10,9,6,W1U,대전광역시,중구,4665800,3.26,3308,3.25
2020,10,10,7,W1U,대전광역시,중구,4962800,3.47,3380,3.32
2020,10,11,1,W1U,대전광역시,중구,5760700,4.03,3924,3.86
2020,10,12,2,W1U,대전광역시,중구,4902300,3.43,3577,3.52
2020,10,13,3,W1U,대전광역시,중구,3994400,2.79,3099,3.05
2020,10,14,4,W1U,대전광역시,중구,4183850,2.92,3127,3.08
2020,10,15,5,W1U,대전광역시,중구,4354950,3.04,3132,3.08
2020,10,16,6,W1U,대전광역시,중구,4035000,2.82,3020,2.97
2020,10,17,7,W1U,대전광역시,중구,4427550,3.09,3076,3.03
2020,10,18,1,W1U,대전광역시,중구,5720450,4.0,3832,3.77
2020,10,19,2,W1U,대전광역시,중구,4687750,3.28,3330,3.28
2020,10,20,3,W1U,대전광역시,중구,4076000,2.85,3058,3.01
2020,10,21,4,W1U,대전광역시,중구,4020700,2.81,3028,2.98
2020,10,22,5,W1U,대전광역시,중구,4147200,2.9,3080,3.03
2020,10,23,6,W1U,대전광역시,중구,3974450,2.78,2951,2.9
2020,10,24,7,W1U,대전광역시,중구,4235200,2.96,2956,2.91
2020,10,25,1,W1U,대전광역시,중구,5783600,4.04,3697,3.64
2020,10,26,2,W1U,대전광역시,중구,4771650,3.33,3329,3.27
2020,10,27,3,W1U,대전광역시,중구,4225700,2.95,3030,2.98
2020,10,28,4,W1U,대전광역시,중구,4075500,2.85,3051,3.0
2020,10,29,5,W1U,대전광역시,중구,4258550,2.98,2938,2.89
2020,10,30,6,W1U,대전광역시,중구,4075500,2.85,2965,2.92
2020,10,31,7,W1U,대전광역시,중구,4535850,3.17,3078,3.03
2020,10,1,5,W1V,대전광역시,서구,13016600,3.72,8185,3.46
2020,10,2,6,W1V,대전광역시,서구,12614850,3.61,7939,3.35
2020,10,3,7,W1V,대전광역시,서구,12078250,3.45,7892,3.33
2020,10,4,1,W1V,대전광역시,서구,14449950,4.13,9409,3.97
2020,10,5,2,W1V,대전광역시,서구,11449800,3.27,8027,3.39
2020,10,6,3,W1V,대전광역시,서구,10753300,3.07,7639,3.23
2020,10,7,4,W1V,대전광역시,서구,10826700,3.09,7869,3.32
2020,10,8,5,W1V,대전광역시,서구,10083950,2.88,7302,3.08
2020,10,9,6,W1V,대전광역시,서구,11395050,3.26,7778,3.28
2020,10,10,7,W1V,대전광역시,서구,11745150,3.36,7923,3.35
2020,10,11,1,W1V,대전광역시,서구,13771100,3.94,9049,3.82
2020,10,12,2,W1V,대전광역시,서구,11868950,3.39,8045,3.4
2020,10,13,3,W1V,대전광역시,서구,10431950,2.98,7433,3.14
2020,10,14,4,W1V,대전광역시,서구,10110500,2.89,7176,3.03
2020,10,15,5,W1V,대전광역시,서구,9980500,2.85,7219,3.05
2020,10,16,6,W1V,대전광역시,서구,9776400,2.79,6921,2.92
2020,10,17,7,W1V,대전광역시,서구,10862300,3.1,7240,3.06
2020,10,18,1,W1V,대전광역시,서구,13365600,3.82,8712,3.68
2020,10,19,2,W1V,대전광역시,서구,11674950,3.34,7858,3.32
2020,10,20,3,W1V,대전광역시,서구,10497950,3.0,7360,3.11
2020,10,21,4,W1V,대전광역시,서구,10369250,2.96,7348,3.1
2020,10,22,5,W1V,대전광역시,서구,10164400,2.9,7097,3.0
2020,10,23,6,W1V,대전광역시,서구,9399650,2.69,6658,2.81
2020,10,24,7,W1V,대전광역시,서구,10634900,3.04,6961,2.94
2020,10,25,1,W1V,대전광역시,서구,14267600,4.08,8817,3.72
2020,10,26,2,W1V,대전광역시,서구,12034150,3.44,7718,3.26
2020,10,27,3,W1V,대전광역시,서구,10379750,2.97,7167,3.03
2020,10,28,4,W1V,대전광역시,서구,10867800,3.11,7410,3.13
2020,10,29,5,W1V,대전광역시,서구,10162200,2.9,6925,2.92
2020,10,30,6,W1V,대전광역시,서구,9940850,2.84,6738,2.84
2020,10,31,7,W1V,대전광역시,서구,10935450,3.13,7022,2.96
2020,10,1,5,W1W,대전광역시,유성구,3335428,3.39,1960,3.05
2020,10,2,6,W1W,대전광역시,유성구,3522310,3.58,2080,3.24
2020,10,3,7,W1W,대전광역시,유성구,3325241,3.38,2042,3.18
2020,10,4,1,W1W,대전광역시,유성구,3926101,3.99,2447,3.81
2020,10,5,2,W1W,대전광역시,유성구,3504051,3.56,2327,3.62
2020,10,6,3,W1W,대전광역시,유성구,3125083,3.17,2105,3.27
2020,10,7,4,W1W,대전광역시,유성구,2927340,2.97,2070,3.22
2020,10,8,5,W1W,대전광역시,유성구,2766050,2.81,1935,3.01
2020,10,9,6,W1W,대전광역시,유성구,3209650,3.26,2090,3.25
2020,10,10,7,W1W,대전광역시,유성구,3367576,3.42,2158,3.36
2020,10,11,1,W1W,대전광역시,유성구,3942386,4.0,2502,3.89
2020,10,12,2,W1W,대전광역시,유성구,3569939,3.63,2344,3.65
2020,10,13,3,W1W,대전광역시,유성구,3082886,3.13,2092,3.25
2020,10,14,4,W1W,대전광역시,유성구,2909916,2.96,2021,3.14
2020,10,15,5,W1W,대전광역시,유성구,2757948,2.8,1928,3.0
2020,10,16,6,W1W,대전광역시,유성구,2640491,2.68,1844,2.87
2020,10,17,7,W1W,대전광역시,유성구,3104898,3.15,2039,3.17
2020,10,18,1,W1W,대전광역시,유성구,3760888,3.82,2340,3.64
2020,10,19,2,W1W,대전광역시,유성구,3630124,3.69,2290,3.56
2020,10,20,3,W1W,대전광역시,유성구,2905433,2.95,1981,3.08
2020,10,21,4,W1W,대전광역시,유성구,3021861,3.07,2062,3.21
2020,10,22,5,W1W,대전광역시,유성구,2767266,2.81,1894,2.95
2020,10,23,6,W1W,대전광역시,유성구,2647569,2.69,1841,2.86
2020,10,24,7,W1W,대전광역시,유성구,2962074,3.01,1867,2.9
2020,10,25,1,W1W,대전광역시,유성구,3788620,3.85,2295,3.57
2020,10,26,2,W1W,대전광역시,유성구,3386503,3.44,2175,3.38
2020,10,27,3,W1W,대전광역시,유성구,2886797,2.93,1949,3.03
2020,10,28,4,W1W,대전광역시,유성구,3065237,3.11,2008,3.12
2020,10,29,5,W1W,대전광역시,유성구,2899381,2.94,1933,3.01
2020,10,30,6,W1W,대전광역시,유성구,2767237,2.81,1841,2.86
2020,10,31,7,W1W,대전광역시,유성구,2958781,3.0,1834,2.85
2020,10,1,5,W1X,대전광역시,대덕구,5524750,3.93,3392,3.57
2020,10,2,6,W1X,대전광역시,대덕구,4949950,3.52,3067,3.23
2020,10,3,7,W1X,대전광역시,대덕구,5007500,3.56,3252,3.42
2020,10,4,1,W1X,대전광역시,대덕구,5478400,3.9,3512,3.69
2020,10,5,2,W1X,대전광역시,대덕구,4967150,3.54,3484,3.66
2020,10,6,3,W1X,대전광역시,대덕구,4069200,2.9,2912,3.06
2020,10,7,4,W1X,대전광역시,대덕구,4049250,2.88,3007,3.16
2020,10,8,5,W1X,대전광역시,대덕구,4050600,2.88,2882,3.03
2020,10,9,6,W1X,대전광역시,대덕구,4374900,3.11,2992,3.15
2020,10,10,7,W1X,대전광역시,대덕구,4510100,3.21,2995,3.15
2020,10,11,1,W1X,대전광역시,대덕구,5428550,3.86,3489,3.67
2020,10,12,2,W1X,대전광역시,대덕구,5133850,3.65,3446,3.62
2020,10,13,3,W1X,대전광역시,대덕구,4133250,2.94,3017,3.17
2020,10,14,4,W1X,대전광역시,대덕구,3612250,2.57,2683,2.82
2020,10,15,5,W1X,대전광역시,대덕구,3982550,2.83,2882,3.03
2020,10,16,6,W1X,대전광역시,대덕구,3932800,2.8,2780,2.92
2020,10,17,7,W1X,대전광역시,대덕구,4484850,3.19,2957,3.11
2020,10,18,1,W1X,대전광역시,대덕구,5399550,3.84,3389,3.56
2020,10,19,2,W1X,대전광역시,대덕구,5040150,3.59,3392,3.57
2020,10,20,3,W1X,대전광역시,대덕구,4234550,3.01,2999,3.15
2020,10,21,4,W1X,대전광역시,대덕구,3949050,2.81,2866,3.01
2020,10,22,5,W1X,대전광역시,대덕구,4157550,2.96,2909,3.06
2020,10,23,6,W1X,대전광역시,대덕구,3710550,2.64,2668,2.81
2020,10,24,7,W1X,대전광역시,대덕구,4235500,3.01,2750,2.89
2020,10,25,1,W1X,대전광역시,대덕구,5513650,3.92,3393,3.57
2020,10,26,2,W1X,대전광역시,대덕구,5062200,3.6,3368,3.54
2020,10,27,3,W1X,대전광역시,대덕구,4179200,2.97,2974,3.13
2020,10,28,4,W1X,대전광역시,대덕구,4334550,3.09,2941,3.09
2020,10,29,5,W1X,대전광역시,대덕구,4058250,2.89,2853,3.0
2020,10,30,6,W1X,대전광역시,대덕구,4176650,2.97,2855,3.0
2020,10,31,7,W1X,대전광역시,대덕구,4751300,3.38,2982,3.14
2020,11,1,1,W1T,대전광역시,동구,3943650,3.35,2158,3.43
2020,11,2,2,W1T,대전광역시,동구,3801000,3.23,2273,3.61
2020,11,3,3,W1T,대전광역시,동구,3184100,2.7,1953,3.1
2020,11,4,4,W1T,대전광역시,동구,3052200,2.59,1876,2.98
2020,11,5,5,W1T,대전광역시,동구,3059050,2.6,1903,3.02
2020,11,6,6,W1T,대전광역시,동구,3229400,2.74,1958,3.11
2020,11,7,7,W1T,대전광역시,동구,3538550,3.0,2045,3.25
2020,11,8,1,W1T,대전광역시,동구,4245400,3.6,2263,3.6
2020,11,9,2,W1T,대전광역시,동구,3806250,3.23,2188,3.48
2020,11,10,3,W1T,대전광역시,동구,3450300,2.93,1982,3.15
2020,11,11,4,W1T,대전광역시,동구,3441000,2.92,2022,3.21
2020,11,12,5,W1T,대전광역시,동구,3329500,2.83,1984,3.15
2020,11,13,6,W1T,대전광역시,동구,3572250,3.03,1999,3.18
2020,11,14,7,W1T,대전광역시,동구,3793600,3.22,2038,3.24
2020,11,15,1,W1T,대전광역시,동구,5065650,4.3,2396,3.81
2020,11,16,2,W1T,대전광역시,동구,4109300,3.49,2232,3.55
2020,11,17,3,W1T,대전광역시,동구,3980100,3.38,2059,3.27
2020,11,18,4,W1T,대전광역시,동구,4028200,3.42,2214,3.52
2020,11,19,5,W1T,대전광역시,동구,4078700,3.46,2041,3.24
2020,11,20,6,W1T,대전광역시,동구,4151550,3.52,2135,3.39
2020,11,21,7,W1T,대전광역시,동구,4314150,3.66,2064,3.28
2020,11,22,1,W1T,대전광역시,동구,5272850,4.48,2350,3.74
2020,11,23,2,W1T,대전광역시,동구,4467750,3.79,2189,3.48
2020,11,24,3,W1T,대전광역시,동구,4056700,3.44,2098,3.33
2020,11,25,4,W1T,대전광역시,동구,3765200,3.2,1951,3.1
2020,11,26,5,W1T,대전광역시,동구,3864100,3.28,2028,3.22
2020,11,27,6,W1T,대전광역시,동구,3647200,3.1,1988,3.16
2020,11,28,7,W1T,대전광역시,동구,4139150,3.51,2004,3.19
2020,11,29,1,W1T,대전광역시,동구,5487150,4.66,2455,3.9
2020,11,30,2,W1T,대전광역시,동구,3936450,3.34,2065,3.28
2020,11,1,1,W1U,대전광역시,중구,5461800,3.47,3361,3.56
2020,11,2,2,W1U,대전광역시,중구,5226850,3.32,3501,3.71
2020,11,3,3,W1U,대전광역시,중구,3864400,2.45,2689,2.85
2020,11,4,4,W1U,대전광역시,중구,4270800,2.71,2956,3.13
2020,11,5,5,W1U,대전광역시,중구,4319900,2.74,2976,3.15
2020,11,6,6,W1U,대전광역시,중구,4183650,2.66,2814,2.98
2020,11,7,7,W1U,대전광역시,중구,4659750,2.96,3052,3.23
2020,11,8,1,W1U,대전광역시,중구,5821900,3.7,3551,3.76
2020,11,9,2,W1U,대전광역시,중구,5059400,3.21,3239,3.43
2020,11,10,3,W1U,대전광역시,중구,4255700,2.7,2838,3.0
2020,11,11,4,W1U,대전광역시,중구,4635300,2.94,3096,3.28
2020,11,12,5,W1U,대전광역시,중구,4695600,2.98,2992,3.17
2020,11,13,6,W1U,대전광역시,중구,4873050,3.1,3048,3.23
2020,11,14,7,W1U,대전광역시,중구,5500150,3.49,3120,3.3
2020,11,15,1,W1U,대전광역시,중구,6823350,4.33,3746,3.96
2020,11,16,2,W1U,대전광역시,중구,5605250,3.56,3349,3.54
2020,11,17,3,W1U,대전광역시,중구,4603900,2.92,2862,3.03
2020,11,18,4,W1U,대전광역시,중구,5316100,3.38,3292,3.48
2020,11,19,5,W1U,대전광역시,중구,5209700,3.31,3079,3.26
2020,11,20,6,W1U,대전광역시,중구,5307900,3.37,3094,3.27
2020,11,21,7,W1U,대전광역시,중구,5784900,3.67,3061,3.24
2020,11,22,1,W1U,대전광역시,중구,7377950,4.69,3683,3.9
2020,11,23,2,W1U,대전광역시,중구,5706050,3.62,3217,3.4
2020,11,24,3,W1U,대전광역시,중구,4726000,3.0,2849,3.02
2020,11,25,4,W1U,대전광역시,중구,5287400,3.36,3160,3.34
2020,11,26,5,W1U,대전광역시,중구,5143800,3.27,3049,3.23
2020,11,27,6,W1U,대전광역시,중구,5183150,3.29,2957,3.13
2020,11,28,7,W1U,대전광역시,중구,5844000,3.71,2986,3.16
2020,11,29,1,W1U,대전광역시,중구,7090700,4.5,3641,3.85
2020,11,30,2,W1U,대전광역시,중구,5588350,3.55,3230,3.42
2020,11,1,1,W1V,대전광역시,서구,13636250,3.41,8030,3.56
2020,11,2,2,W1V,대전광역시,서구,13196450,3.3,8147,3.61
2020,11,3,3,W1V,대전광역시,서구,9966200,2.49,6653,2.95
2020,11,4,4,W1V,대전광역시,서구,10644800,2.66,7038,3.12
2020,11,5,5,W1V,대전광역시,서구,10674950,2.67,6950,3.08
2020,11,6,6,W1V,대전광역시,서구,10708700,2.68,6866,3.04
2020,11,7,7,W1V,대전광역시,서구,12424000,3.11,7375,3.27
2020,11,8,1,W1V,대전광역시,서구,14666550,3.67,8519,3.77
2020,11,9,2,W1V,대전광역시,서구,12480850,3.12,7624,3.38
2020,11,10,3,W1V,대전광역시,서구,11409400,2.86,7027,3.11
2020,11,11,4,W1V,대전광역시,서구,11256000,2.82,7062,3.13
2020,11,12,5,W1V,대전광역시,서구,11392300,2.85,7017,3.11
2020,11,13,6,W1V,대전광역시,서구,11625150,2.91,7000,3.1
2020,11,14,7,W1V,대전광역시,서구,13654350,3.42,7323,3.24
2020,11,15,1,W1V,대전광역시,서구,17113350,4.28,8970,3.97
2020,11,16,2,W1V,대전광역시,서구,14101600,3.53,7876,3.49
2020,11,17,3,W1V,대전광역시,서구,12613500,3.16,7196,3.19
2020,11,18,4,W1V,대전광역시,서구,13129200,3.29,7612,3.37
2020,11,19,5,W1V,대전광역시,서구,13399650,3.35,7288,3.23
2020,11,20,6,W1V,대전광역시,서구,13599800,3.4,7379,3.27
2020,11,21,7,W1V,대전광역시,서구,15927150,3.99,7719,3.42
2020,11,22,1,W1V,대전광역시,서구,18217350,4.56,8774,3.89
2020,11,23,2,W1V,대전광역시,서구,14597400,3.65,7702,3.41
2020,11,24,3,W1V,대전광역시,서구,12824750,3.21,7068,3.13
2020,11,25,4,W1V,대전광역시,서구,13404600,3.36,7423,3.29
2020,11,26,5,W1V,대전광역시,서구,13168650,3.3,7302,3.23
2020,11,27,6,W1V,대전광역시,서구,12922000,3.23,6969,3.09
2020,11,28,7,W1V,대전광역시,서구,15012000,3.76,7458,3.3
2020,11,29,1,W1V,대전광역시,서구,17536850,4.39,8804,3.9
2020,11,30,2,W1V,대전광역시,서구,14160950,3.54,7570,3.35
2020,11,1,1,W1W,대전광역시,유성구,3560084,3.31,2064,3.46
2020,11,2,2,W1W,대전광역시,유성구,3822605,3.55,2236,3.75
2020,11,3,3,W1W,대전광역시,유성구,2746556,2.55,1835,3.08
2020,11,4,4,W1W,대전광역시,유성구,2934029,2.72,1887,3.17
2020,11,5,5,W1W,대전광역시,유성구,2902974,2.7,1883,3.16
2020,11,6,6,W1W,대전광역시,유성구,2945000,2.73,1855,3.11
2020,11,7,7,W1W,대전광역시,유성구,3292067,3.06,1909,3.2
2020,11,8,1,W1W,대전광역시,유성구,4094142,3.8,2232,3.75
2020,11,9,2,W1W,대전광역시,유성구,3525335,3.27,2105,3.53
2020,11,10,3,W1W,대전광역시,유성구,3230160,3.0,1927,3.23
2020,11,11,4,W1W,대전광역시,유성구,2760338,2.56,1654,2.78
2020,11,12,5,W1W,대전광역시,유성구,3027034,2.81,1871,3.14
2020,11,13,6,W1W,대전광역시,유성구,3147279,2.92,1865,3.13
2020,11,14,7,W1W,대전광역시,유성구,3542939,3.29,1921,3.22
2020,11,15,1,W1W,대전광역시,유성구,4551264,4.23,2276,3.82
2020,11,16,2,W1W,대전광역시,유성구,4245438,3.94,2216,3.72
2020,11,17,3,W1W,대전광역시,유성구,3480885,3.23,1962,3.29
2020,11,18,4,W1W,대전광역시,유성구,3251190,3.02,1918,3.22
2020,11,19,5,W1W,대전광역시,유성구,3377012,3.14,1855,3.11
2020,11,20,6,W1W,대전광역시,유성구,3719307,3.45,1945,3.26
2020,11,21,7,W1W,대전광역시,유성구,3914724,3.64,1950,3.27
2020,11,22,1,W1W,대전광역시,유성구,4725155,4.39,2248,3.77
2020,11,23,2,W1W,대전광역시,유성구,4115567,3.82,2138,3.59
2020,11,24,3,W1W,대전광역시,유성구,3377261,3.14,1873,3.14
2020,11,25,4,W1W,대전광역시,유성구,3463899,3.22,1902,3.19
2020,11,26,5,W1W,대전광역시,유성구,3427764,3.18,1857,3.12
2020,11,27,6,W1W,대전광역시,유성구,3650008,3.39,1852,3.11
2020,11,28,7,W1W,대전광역시,유성구,3967517,3.68,1965,3.3
2020,11,29,1,W1W,대전광역시,유성구,4841651,4.5,2313,3.88
2020,11,30,2,W1W,대전광역시,유성구,4041900,3.75,2081,3.49
2020,11,1,1,W1X,대전광역시,대덕구,5274850,3.2,3141,3.33
2020,11,2,2,W1X,대전광역시,대덕구,5577350,3.38,3550,3.77
2020,11,3,3,W1X,대전광역시,대덕구,4290050,2.6,2826,3.0
2020,11,4,4,W1X,대전광역시,대덕구,4219000,2.56,2840,3.01
2020,11,5,5,W1X,대전광역시,대덕구,4439300,2.69,2921,3.1
2020,11,6,6,W1X,대전광역시,대덕구,4129500,2.5,2739,2.91
2020,11,7,7,W1X,대전광역시,대덕구,4887250,2.96,3005,3.19
2020,11,8,1,W1X,대전광역시,대덕구,6137750,3.72,3391,3.6
2020,11,9,2,W1X,대전광역시,대덕구,5620100,3.41,3419,3.63
2020,11,10,3,W1X,대전광역시,대덕구,4624250,2.8,2959,3.14
2020,11,11,4,W1X,대전광역시,대덕구,4550000,2.76,2924,3.1
2020,11,12,5,W1X,대전광역시,대덕구,4760350,2.89,2990,3.17
2020,11,13,6,W1X,대전광역시,대덕구,4892750,2.97,2920,3.1
2020,11,14,7,W1X,대전광역시,대덕구,5623600,3.41,3130,3.32
2020,11,15,1,W1X,대전광역시,대덕구,7118650,4.32,3657,3.88
2020,11,16,2,W1X,대전광역시,대덕구,6384300,3.87,3567,3.79
2020,11,17,3,W1X,대전광역시,대덕구,5141900,3.12,3045,3.23
2020,11,18,4,W1X,대전광역시,대덕구,5298300,3.21,3141,3.33
2020,11,19,5,W1X,대전광역시,대덕구,5616800,3.41,3053,3.24
2020,11,20,6,W1X,대전광역시,대덕구,5667650,3.44,3065,3.25
2020,11,21,7,W1X,대전광역시,대덕구,6532450,3.96,3148,3.34
2020,11,22,1,W1X,대전광역시,대덕구,7374850,4.47,3516,3.73
2020,11,23,2,W1X,대전광역시,대덕구,6652250,4.03,3529,3.75
2020,11,24,3,W1X,대전광역시,대덕구,5450500,3.3,3021,3.21
2020,11,25,4,W1X,대전광역시,대덕구,5025450,3.05,2943,3.12
2020,11,26,5,W1X,대전광역시,대덕구,5264700,3.19,3001,3.18
2020,11,27,6,W1X,대전광역시,대덕구,5127150,3.11,2848,3.02
2020,11,28,7,W1X,대전광역시,대덕구,6121200,3.71,3074,3.26
2020,11,29,1,W1X,대전광역시,대덕구,7019150,4.26,3450,3.66
2020,11,30,2,W1X,대전광역시,대덕구,6118750,3.71,3410,3.62
2020,12,1,3,W1T,대전광역시,동구,3578400,3.33,1972,3.29
2020,12,2,4,W1T,대전광역시,동구,3480650,3.24,1969,3.28
2020,12,3,5,W1T,대전광역시,동구,3449950,3.21,1855,3.09
2020,12,4,6,W1T,대전광역시,동구,3397750,3.17,1908,3.18
2020,12,5,7,W1T,대전광역시,동구,3675700,3.42,1920,3.2
2020,12,6,1,W1T,대전광역시,동구,4754150,4.43,2356,3.93
2020,12,7,2,W1T,대전광역시,동구,3883350,3.62,2094,3.49
2020,12,8,3,W1T,대전광역시,동구,3247550,3.03,1865,3.11
2020,12,9,4,W1T,대전광역시,동구,3401450,3.17,1908,3.18
2020,12,10,5,W1T,대전광역시,동구,3227900,3.01,1868,3.12
2020,12,11,6,W1T,대전광역시,동구,3234450,3.01,1899,3.17
2020,12,12,7,W1T,대전광역시,동구,3532350,3.29,1946,3.25
2020,12,13,1,W1T,대전광역시,동구,4154150,3.87,2149,3.58
2020,12,14,2,W1T,대전광역시,동구,3507700,3.27,2009,3.35
2020,12,15,3,W1T,대전광역시,동구,3189800,2.97,1835,3.06
2020,12,16,4,W1T,대전광역시,동구,2963100,2.76,1757,2.93
2020,12,17,5,W1T,대전광역시,동구,3054900,2.85,1801,3.0
2020,12,18,6,W1T,대전광역시,동구,2895850,2.7,1728,2.88
2020,12,19,7,W1T,대전광역시,동구,3095000,2.88,1741,2.9
2020,12,20,1,W1T,대전광역시,동구,4334800,4.04,2201,3.67
2020,12,21,2,W1T,대전광역시,동구,3588300,3.34,2011,3.35
2020,12,22,3,W1T,대전광역시,동구,3085750,2.88,1833,3.06
2020,12,23,4,W1T,대전광역시,동구,2905900,2.71,1799,3.0
2020,12,24,5,W1T,대전광역시,동구,3008950,2.8,1820,3.04
2020,12,25,6,W1T,대전광역시,동구,3462900,3.23,1877,3.13
2020,12,26,7,W1T,대전광역시,동구,3789950,3.53,2044,3.41
2020,12,27,1,W1T,대전광역시,동구,4355100,4.06,2255,3.76
2020,12,28,2,W1T,대전광역시,동구,3890950,3.63,2168,3.62
2020,12,29,3,W1T,대전광역시,동구,3055500,2.85,1786,2.98
2020,12,30,4,W1T,대전광역시,동구,2805650,2.61,1665,2.78
2020,12,31,5,W1T,대전광역시,동구,3320550,3.09,1920,3.2
2020,12,1,3,W1U,대전광역시,중구,4865650,3.34,2869,3.16
2020,12,2,4,W1U,대전광역시,중구,4740900,3.25,2949,3.25
2020,12,3,5,W1U,대전광역시,중구,4573950,3.14,2908,3.21
2020,12,4,6,W1U,대전광역시,중구,4387600,3.01,2782,3.07
2020,12,5,7,W1U,대전광역시,중구,5147200,3.53,2994,3.3
2020,12,6,1,W1U,대전광역시,중구,6576950,4.51,3643,4.02
2020,12,7,2,W1U,대전광역시,중구,5232300,3.59,3088,3.4
2020,12,8,3,W1U,대전광역시,중구,4126250,2.83,2735,3.01
2020,12,9,4,W1U,대전광역시,중구,4440800,3.05,2928,3.23
2020,12,10,5,W1U,대전광역시,중구,4379800,3.01,2932,3.23
2020,12,11,6,W1U,대전광역시,중구,4217200,2.89,2821,3.11
2020,12,12,7,W1U,대전광역시,중구,5192900,3.56,3035,3.35
2020,12,13,1,W1U,대전광역시,중구,6059550,4.16,3341,3.68
2020,12,14,2,W1U,대전광역시,중구,4700500,3.23,2960,3.26
2020,12,15,3,W1U,대전광역시,중구,3840400,2.64,2557,2.82
2020,12,16,4,W1U,대전광역시,중구,4357650,2.99,2840,3.13
2020,12,17,5,W1U,대전광역시,중구,4059100,2.79,2721,3.0
2020,12,18,6,W1U,대전광역시,중구,4071800,2.79,2689,2.96
2020,12,19,7,W1U,대전광역시,중구,4436800,3.04,2743,3.02
2020,12,20,1,W1U,대전광역시,중구,5923700,4.07,3375,3.72
2020,12,21,2,W1U,대전광역시,중구,4805900,3.3,2993,3.3
2020,12,22,3,W1U,대전광역시,중구,4108950,2.82,2659,2.93
2020,12,23,4,W1U,대전광역시,중구,4351600,2.99,2840,3.13
2020,12,24,5,W1U,대전광역시,중구,4043100,2.77,2765,3.05
2020,12,25,6,W1U,대전광역시,중구,4379650,3.01,2751,3.03
2020,12,26,7,W1U,대전광역시,중구,5153150,3.54,3038,3.35
2020,12,27,1,W1U,대전광역시,중구,6246050,4.29,3548,3.91
2020,12,28,2,W1U,대전광역시,중구,5285700,3.63,3183,3.51
2020,12,29,3,W1U,대전광역시,중구,3770300,2.59,2563,2.83
2020,12,30,4,W1U,대전광역시,중구,3738250,2.57,2583,2.85
2020,12,31,5,W1U,대전광역시,중구,4505300,3.09,2886,3.18
2020,12,1,3,W1V,대전광역시,서구,11862700,3.19,6874,3.13
2020,12,2,4,W1V,대전광역시,서구,12317050,3.31,7172,3.26
2020,12,3,5,W1V,대전광역시,서구,11006450,2.96,6656,3.03
2020,12,4,6,W1V,대전광역시,서구,11438100,3.07,6772,3.08
2020,12,5,7,W1V,대전광역시,서구,13619750,3.66,7265,3.31
2020,12,6,1,W1V,대전광역시,서구,16646000,4.47,8773,3.99
2020,12,7,2,W1V,대전광역시,서구,12854700,3.45,7421,3.38
2020,12,8,3,W1V,대전광역시,서구,10980450,2.95,6652,3.03
2020,12,9,4,W1V,대전광역시,서구,11833100,3.18,7237,3.29
2020,12,10,5,W1V,대전광역시,서구,10969950,2.95,6853,3.12
2020,12,11,6,W1V,대전광역시,서구,10962500,2.95,6799,3.09
2020,12,12,7,W1V,대전광역시,서구,12487650,3.36,7206,3.28
2020,12,13,1,W1V,대전광역시,서구,15362000,4.13,8333,3.79
2020,12,14,2,W1V,대전광역시,서구,12047700,3.24,7088,3.23
2020,12,15,3,W1V,대전광역시,서구,10470000,2.81,6361,2.9
2020,12,16,4,W1V,대전광역시,서구,11015600,2.96,6859,3.12
2020,12,17,5,W1V,대전광역시,서구,10278100,2.76,6515,2.97
2020,12,18,6,W1V,대전광역시,서구,10003250,2.69,6328,2.88
2020,12,19,7,W1V,대전광역시,서구,11590100,3.11,6714,3.06
2020,12,20,1,W1V,대전광역시,서구,15071250,4.05,8295,3.78
2020,12,21,2,W1V,대전광역시,서구,11863800,3.19,6979,3.18
2020,12,22,3,W1V,대전광역시,서구,10565500,2.84,6525,2.97
2020,12,23,4,W1V,대전광역시,서구,11189500,3.01,7004,3.19
2020,12,24,5,W1V,대전광역시,서구,10208550,2.74,6496,2.96
2020,12,25,6,W1V,대전광역시,서구,12187950,3.28,7101,3.23
2020,12,26,7,W1V,대전광역시,서구,12876250,3.46,7398,3.37
2020,12,27,1,W1V,대전광역시,서구,15622700,4.2,8602,3.92
2020,12,28,2,W1V,대전광역시,서구,12709400,3.42,7522,3.42
2020,12,29,3,W1V,대전광역시,서구,10437650,2.8,6467,2.94
2020,12,30,4,W1V,대전광역시,서구,10333250,2.78,6451,2.94
2020,12,31,5,W1V,대전광역시,서구,11322550,3.04,6982,3.18
2020,12,1,3,W1W,대전광역시,유성구,3180844,3.08,1809,3.06
2020,12,2,4,W1W,대전광역시,유성구,3514424,3.4,1967,3.32
2020,12,3,5,W1W,대전광역시,유성구,2949595,2.85,1764,2.98
2020,12,4,6,W1W,대전광역시,유성구,3198289,3.09,1839,3.11
2020,12,5,7,W1W,대전광역시,유성구,3731579,3.61,1957,3.31
2020,12,6,1,W1W,대전광역시,유성구,4531672,4.38,2280,3.85
2020,12,7,2,W1W,대전광역시,유성구,3815014,3.69,2096,3.54
2020,12,8,3,W1W,대전광역시,유성구,3099977,3.0,1845,3.12
2020,12,9,4,W1W,대전광역시,유성구,3258248,3.15,1939,3.28
2020,12,10,5,W1W,대전광역시,유성구,3201439,3.1,1871,3.16
2020,12,11,6,W1W,대전광역시,유성구,3062065,2.96,1828,3.09
2020,12,12,7,W1W,대전광역시,유성구,3451083,3.34,1965,3.32
2020,12,13,1,W1W,대전광역시,유성구,3860767,3.73,2076,3.51
2020,12,14,2,W1W,대전광역시,유성구,3773450,3.65,2132,3.6
2020,12,15,3,W1W,대전광역시,유성구,2825810,2.73,1711,2.89
2020,12,16,4,W1W,대전광역시,유성구,2953439,2.86,1787,3.02
2020,12,17,5,W1W,대전광역시,유성구,2833639,2.74,1729,2.92
2020,12,18,6,W1W,대전광역시,유성구,2804073,2.71,1666,2.82
2020,12,19,7,W1W,대전광역시,유성구,3159671,3.06,1813,3.06
2020,12,20,1,W1W,대전광역시,유성구,3997543,3.87,2116,3.58
2020,12,21,2,W1W,대전광역시,유성구,3734751,3.61,2032,3.43
2020,12,22,3,W1W,대전광역시,유성구,2939158,2.84,1806,3.05
2020,12,23,4,W1W,대전광역시,유성구,3183310,3.08,1883,3.18
2020,12,24,5,W1W,대전광역시,유성구,2739753,2.65,1741,2.94
2020,12,25,6,W1W,대전광역시,유성구,3273210,3.17,1844,3.12
2020,12,26,7,W1W,대전광역시,유성구,3552968,3.44,2015,3.41
2020,12,27,1,W1W,대전광역시,유성구,4057285,3.92,2184,3.69
2020,12,28,2,W1W,대전광역시,유성구,3908616,3.78,2166,3.66
2020,12,29,3,W1W,대전광역시,유성구,2910245,2.81,1775,3.0
2020,12,30,4,W1W,대전광역시,유성구,2782472,2.69,1695,2.87
2020,12,31,5,W1W,대전광역시,유성구,3121256,3.02,1830,3.09
2020,12,1,3,W1X,대전광역시,대덕구,4732900,3.11,2832,3.12
2020,12,2,4,W1X,대전광역시,대덕구,4750300,3.13,2893,3.19
2020,12,3,5,W1X,대전광역시,대덕구,4742800,3.12,2810,3.1
2020,12,4,6,W1X,대전광역시,대덕구,4497950,2.96,2774,3.06
2020,12,5,7,W1X,대전광역시,대덕구,5340550,3.51,2912,3.21
2020,12,6,1,W1X,대전광역시,대덕구,6640650,4.37,3457,3.81
2020,12,7,2,W1X,대전광역시,대덕구,5496700,3.62,3219,3.55
2020,12,8,3,W1X,대전광역시,대덕구,4595800,3.02,2859,3.15
2020,12,9,4,W1X,대전광역시,대덕구,4453250,2.93,2816,3.11
2020,12,10,5,W1X,대전광역시,대덕구,4605050,3.03,2859,3.15
2020,12,11,6,W1X,대전광역시,대덕구,4367200,2.87,2737,3.02
2020,12,12,7,W1X,대전광역시,대덕구,4934350,3.25,2945,3.25
2020,12,13,1,W1X,대전광역시,대덕구,6146850,4.04,3244,3.58
2020,12,14,2,W1X,대전광역시,대덕구,5233000,3.44,3059,3.37
2020,12,15,3,W1X,대전광역시,대덕구,4309200,2.84,2701,2.98
2020,12,16,4,W1X,대전광역시,대덕구,4117250,2.71,2582,2.85
2020,12,17,5,W1X,대전광역시,대덕구,4290200,2.82,2702,2.98
2020,12,18,6,W1X,대전광역시,대덕구,4222700,2.78,2725,3.01
2020,12,19,7,W1X,대전광역시,대덕구,4670700,3.07,2740,3.02
2020,12,20,1,W1X,대전광역시,대덕구,5933050,3.9,3375,3.72
2020,12,21,2,W1X,대전광역시,대덕구,5189300,3.41,3096,3.42
2020,12,22,3,W1X,대전광역시,대덕구,4323350,2.84,2749,3.03
2020,12,23,4,W1X,대전광역시,대덕구,4294550,2.83,2722,3.0
2020,12,24,5,W1X,대전광역시,대덕구,4302750,2.83,2758,3.04
2020,12,25,6,W1X,대전광역시,대덕구,5044300,3.32,2910,3.21
2020,12,26,7,W1X,대전광역시,대덕구,5431900,3.57,3134,3.46
2020,12,27,1,W1X,대전광역시,대덕구,6083850,4.0,3400,3.75
2020,12,28,2,W1X,대전광역시,대덕구,5680050,3.74,3370,3.72
2020,12,29,3,W1X,대전광역시,대덕구,4561350,3.0,2780,3.07
2020,12,30,4,W1X,대전광역시,대덕구,3990450,2.63,2475,2.73
2020,12,31,5,W1X,대전광역시,대덕구,4987550,3.28,3007,3.32
